"";"school_year";"vendor_name";"type_of_service";"active_employees";"job_type"
"0";"2018-2019";"LOGAN BUS COMPANY INC.";"School Age";"1";"Driver&Attendant"
"1";"2018-2019";"E-Z BUS LLC (B2321)";"School Age";"5";"Attendant"
"2";"2018-2019";"E-Z BUS LLC (B2321)";"School Age";"3";"Driver"
"3";"2018-2019";"E-Z BUS LLC (B2321)";"School Age";"2";"Driver&Attendant"
"4";"2018-2019";"LOGAN TRANSPORTATION SYSTEMS";"School Age";"32";"Driver"
"5";"2018-2019";"RELIANT TRANS, INC.";"School Age";"3";"Attendant"
"6";"2018-2019";"RELIANT TRANS, INC.";"School Age";"6";"Driver"
"7";"2018-2019";"LORINDA ENTERPRISES, LTD.";"School Age";"262";"Attendant"
"8";"2018-2019";"LORINDA ENTERPRISES, LTD.";"School Age";"255";"Driver"
"9";"2018-2019";"LORINDA ENTERPRISES, LTD.";"School Age";"2";"Driver&Attendant"
"10";"2018-2019";"LORISSA BUS SERVICE INC.";"School Age";"115";"Driver"
"11";"2018-2019";"MAR-CAN TRANSPORT CO. INC (B2192)";"School Age";"266";"Attendant"
"12";"2015-2016";"ACADEMY EXPRESS LLC";"Coach";"20";"Driver"
"13";"2015-2016";"ACADEMY EXPRESS LLC";"School Age";"20";"Driver"
"14";"2015-2016";"ACME BUS CORP. (B2321)";"School Age";"55";"Attendant"
"15";"2018-2019";"MUTUAL BUS CORP. (B2192)";"School Age";"8";"Attendant"
"16";"2018-2019";"MUTUAL BUS CORP. (B2192)";"School Age";"9";"Driver"
"17";"2018-2019";"QUALITY TRANSPORTATION CORP.";"School Age";"1";"Driver&Attendant"
"18";"2018-2019";"SNT BUS INC";"School Age";"1";"Driver&Attendant"
"19";"2015-2016";"ACME BUS CORP. (B2321)";"School Age";"53";"Driver"
"20";"2015-2016";"ACME BUS CORP. (B2321)";"School Age";"4";"Driver&Attendant"
"21";"2015-2016";"ALINA SERVICES CORP.";"Pre-K";"74";"Attendant"
"22";"2015-2016";"ALINA SERVICES CORP.";"Pre-K";"60";"Driver"
"23";"2015-2016";"ALINA SERVICES CORP.";"Pre-K";"4";"Driver&Attendant"
"24";"2015-2016";"ALL AMERICAN SCHOOL BUS CORP.";"School Age";"55";"Attendant"
"25";"2015-2016";"ALL AMERICAN SCHOOL BUS CORP.";"School Age";"152";"Driver"
"26";"2018-2019";"MAR-CAN TRANSPORT CO. INC (B2192)";"School Age";"241";"Driver"
"27";"2015-2016";"SMART PICK";"Pre-K";"41";"Attendant"
"28";"2015-2016";"ALL COUNTY BUS LLC (B2321)";"School Age";"55";"Attendant"
"29";"2015-2016";"ALL COUNTY BUS LLC (B2321)";"School Age";"53";"Driver"
"30";"2015-2016";"ALLIED TRANSIT CORP.";"School Age";"33";"Attendant"
"31";"2015-2016";"ALLIED TRANSIT CORP.";"School Age";"77";"Driver"
"32";"2015-2016";"ALLIED TRANSIT CORP.";"School Age";"2";"Driver&Attendant"
"33";"2015-2016";"ANOTHER RIDE INC.";"Pre-K";"8";"Attendant"
"34";"2015-2016";"ANOTHER RIDE INC.";"Pre-K";"7";"Driver"
"35";"2015-2016";"B & F SKILLED INC.(B2192)";"School Age";"45";"Attendant"
"36";"2018-2019";"MAR-CAN TRANSPORT CO. INC (B2192)";"School Age";"4";"Driver&Attendant"
"37";"2018-2019";"MUTUAL BUS CORP. (B2321)";"School Age";"24";"Attendant"
"38";"2018-2019";"ANOTHER RIDE INC.";"Pre-K";"1";"Driver&Attendant"
"39";"2015-2016";"MJT BUS";"Pre-K";"1";"Driver"
"40";"2015-2016";"B & F SKILLED INC.(B2192)";"School Age";"40";"Driver"
"41";"2018-2019";"MUTUAL BUS CORP. (B2321)";"School Age";"18";"Driver"
"42";"2018-2019";"DON THOMAS BUSES, INC.";"Pre-K";"26";"Attendant"
"43";"2018-2019";"MUTUAL BUS CORP. (B2321)";"School Age";"2";"Driver&Attendant"
"44";"2018-2019";"NEW DAWN TRANSIT, LLC (B2321)";"School Age";"183";"Attendant"
"45";"2018-2019";"NEW DAWN TRANSIT, LLC (B2321)";"School Age";"161";"Driver"
"46";"2018-2019";"NEW DAWN TRANSIT, LLC (B2321)";"School Age";"7";"Driver&Attendant"
"47";"2018-2019";"PENNY TRANSPORTATION";"Pre-K";"43";"Attendant"
"48";"2018-2019";"PENNY TRANSPORTATION";"Pre-K";"36";"Driver"
"49";"2018-2019";"PHILLIP BUS CORP (B2192)";"School Age";"46";"Attendant"
"50";"2015-2016";"B & F SKILLED INC.(B2192)";"School Age";"2";"Driver&Attendant"
"51";"2015-2016";"B & F SKILLED, INC.";"Pre-K";"13";"Attendant"
"52";"2015-2016";"B & F SKILLED, INC.";"Pre-K";"13";"Driver"
"53";"2015-2016";"BOBBY`S BUS CO. INC.";"School Age";"152";"Driver"
"54";"2015-2016";"BORO TRANSIT, INC.";"School Age";"382";"Attendant"
"55";"2015-2016";"BORO TRANSIT, INC.";"School Age";"566";"Driver"
"56";"2015-2016";"BORO TRANSIT, INC.";"School Age";"1";"Driver&Attendant"
"57";"2015-2016";"CAREFUL BUS SERVICE INC (B2192)";"School Age";"10";"Attendant"
"58";"2015-2016";"CAREFUL BUS SERVICE INC (B2192)";"School Age";"10";"Driver"
"59";"2015-2016";"CAREFUL BUS SERVICE INC (B2192)";"School Age";"1";"Driver&Attendant"
"60";"2015-2016";"CAREFUL BUS";"School Age";"115";"Attendant"
"61";"2015-2016";"CAREFUL BUS";"School Age";"89";"Driver"
"62";"2015-2016";"CAREFUL BUS";"School Age";"16";"Driver&Attendant"
"63";"2015-2016";"CHILDREN`S TRANS INC. (B2321)";"School Age";"11";"Attendant"
"64";"2015-2016";"CHILDREN`S TRANS INC. (B2321)";"School Age";"11";"Driver"
"65";"2015-2016";"SELBY TRANSPORTATION";"Pre-K";"90";"Driver"
"66";"2018-2019";"SELBY TRANSPORTATION CORP (B2192)";"School Age";"2";"Attendant"
"67";"2018-2019";"SELBY TRANSPORTATION CORP (B2192)";"School Age";"3";"Driver"
"68";"2018-2019";"TWENTY FIRST AV TRANSP (B2192)";"School Age";"2";"Attendant"
"69";"2018-2019";"PHILLIP BUS CORP (B2192)";"School Age";"46";"Driver"
"70";"2018-2019";"PHILLIP BUS CORP (B2192)";"School Age";"3";"Driver&Attendant"
"71";"2018-2019";"PHILLIPS BUS SERVICE";"Pre-K";"54";"Attendant"
"72";"2018-2019";"PHILLIPS BUS SERVICE";"Pre-K";"49";"Driver"
"73";"2018-2019";"PIONEER TRANSPORTATION CORP";"School Age";"196";"Attendant"
"74";"2018-2019";"PIONEER TRANSPORTATION CORP";"School Age";"671";"Driver"
"75";"2018-2019";"PIONEER TRANSPORTATION CORP";"School Age";"2";"Driver&Attendant"
"76";"2018-2019";"PRIDE TRANSPORTATION (SCH AGE)";"School Age";"270";"Attendant"
"77";"2018-2019";"HAPPY CHILD TRANS LLC (B2192)";"School Age";"21";"Attendant"
"78";"2018-2019";"HAPPY CHILD TRANS LLC (B2192)";"School Age";"2";"Driver"
"79";"2015-2016";"CONSOLIDATED BUS TRANS. INC.";"School Age";"115";"Attendant"
"80";"2018-2019";"PRIDE TRANSPORTATION (SCH AGE)";"School Age";"255";"Driver"
"81";"2019-2020";"B & F SKILLED, INC.";"Pre-K";"3";"Driver"
"82";"2015-2016";"CONSOLIDATED BUS TRANS. INC.";"School Age";"109";"Driver"
"83";"2015-2016";"CONSOLIDATED BUS TRANS. INC.";"School Age";"2";"Driver&Attendant"
"84";"2015-2016";"DON THOMAS BUSES, INC. (B2321)";"School Age";"135";"Attendant"
"85";"2015-2016";"DON THOMAS BUSES, INC. (B2321)";"School Age";"124";"Driver"
"86";"2015-2016";"DON THOMAS BUSES, INC. (B2321)";"School Age";"4";"Driver&Attendant"
"87";"2015-2016";"DON THOMAS BUSES, INC.";"Pre-K";"28";"Attendant"
"88";"2015-2016";"DON THOMAS BUSES, INC.";"Pre-K";"23";"Driver"
"89";"2015-2016";"E-Z BUS LLC (B2321)";"School Age";"8";"Attendant"
"90";"2015-2016";"E-Z BUS LLC (B2321)";"School Age";"11";"Driver"
"91";"2015-2016";"EMPIRE CHARTER SERVICE INC";"School Age";"14";"Attendant"
"92";"2015-2016";"EMPIRE CHARTER SERVICE INC";"School Age";"11";"Driver"
"93";"2015-2016";"EMPIRE CHARTER SERVICE INC";"School Age";"1";"Driver&Attendant"
"94";"2015-2016";"EMPIRE STATE BUS CORP.";"School Age";"13";"Attendant"
"95";"2015-2016";"EMPIRE STATE BUS CORP.";"School Age";"21";"Driver"
"96";"2015-2016";"EMPIRE STATE BUS CORP.";"School Age";"1";"Driver&Attendant"
"97";"2015-2016";"FIRST STEPS TRANSP INC. (B2192)";"School Age";"197";"Attendant"
"98";"2015-2016";"FIRST STEPS TRANSP INC. (B2192)";"School Age";"154";"Driver"
"99";"2015-2016";"FIRST STEPS TRANSP INC. (B2192)";"School Age";"6";"Driver&Attendant"
"100";"2015-2016";"FIRST STEPS";"Pre-K";"28";"Attendant"
"101";"2015-2016";"FIRST STEPS";"Pre-K";"19";"Driver"
"102";"2015-2016";"FORTUNA BUS COMPANY";"Pre-K";"37";"Attendant"
"103";"2015-2016";"FORTUNA BUS COMPANY";"Pre-K";"39";"Driver"
"104";"2015-2016";"G.V.C. LTD. (B2192)";"School Age";"134";"Attendant"
"105";"2015-2016";"G.V.C. LTD. (B2192)";"School Age";"115";"Driver"
"106";"2015-2016";"G.V.C. LTD. (B2192)";"School Age";"16";"Driver&Attendant"
"107";"2015-2016";"G.V.C., LTD.";"Pre-K";"124";"Attendant"
"108";"2015-2016";"G.V.C., LTD.";"Pre-K";"105";"Driver"
"109";"2015-2016";"G.V.C., LTD.";"Pre-K";"8";"Driver&Attendant"
"110";"2015-2016";"GRANDPA`S BUS CO., INC.";"School Age";"277";"Driver"
"111";"2015-2016";"GRANDPA`S BUS CO., INC.";"School Age";"5";"Driver&Attendant"
"112";"2015-2016";"HAPPY CHILD TRANS LLC (B2192)";"School Age";"147";"Attendant"
"113";"2015-2016";"HAPPY CHILD TRANS LLC (B2192)";"School Age";"95";"Driver"
"114";"2015-2016";"HAPPY CHILD TRANS LLC (B2192)";"School Age";"1";"Driver&Attendant"
"115";"2015-2016";"HAPPY DAY TRANSIT";"Pre-K";"55";"Attendant"
"116";"2015-2016";"HAPPY DAY TRANSIT";"Pre-K";"48";"Driver"
"117";"2015-2016";"HAPPY DAY TRANSIT";"Pre-K";"1";"Driver&Attendant"
"118";"2015-2016";"HOYT TRANSPORTATION CORP.";"School Age";"165";"Attendant"
"119";"2015-2016";"HOYT TRANSPORTATION CORP.";"School Age";"144";"Driver"
"120";"2015-2016";"I & Y TRANSIT CORP";"Pre-K";"9";"Attendant"
"121";"2015-2016";"I & Y TRANSIT CORP";"Pre-K";"10";"Driver"
"122";"2015-2016";"IC BUS INC. (PRE-K)";"Pre-K";"55";"Attendant"
"123";"2015-2016";"IC BUS INC. (PRE-K)";"Pre-K";"48";"Driver"
"124";"2015-2016";"IC BUS INC.";"School Age";"83";"Attendant"
"125";"2015-2016";"IC BUS INC.";"School Age";"84";"Driver"
"126";"2015-2016";"IC BUS INC.";"School Age";"1";"Driver&Attendant"
"127";"2015-2016";"JEA BUS COMPANY INC";"Pre-K";"15";"Attendant"
"128";"2015-2016";"JEA BUS COMPANY INC";"Pre-K";"20";"Driver"
"129";"2015-2016";"JOFAZ TRANSPORTATION INC.";"School Age";"74";"Attendant"
"130";"2015-2016";"JOFAZ TRANSPORTATION INC.";"School Age";"322";"Driver"
"131";"2015-2016";"JOFAZ TRANSPORTATION INC.";"School Age";"3";"Driver&Attendant"
"132";"2015-2016";"L & M BUS CORP. (B2192)";"School Age";"88";"Attendant"
"133";"2015-2016";"L & M BUS CORP. (B2192)";"School Age";"69";"Driver"
"134";"2015-2016";"L & M BUS CORP. (B2321)";"School Age";"10";"Attendant"
"135";"2015-2016";"L & M BUS CORP. (B2321)";"School Age";"5";"Driver"
"136";"2015-2016";"L & M BUS CORP.";"Pre-K";"228";"Attendant"
"137";"2015-2016";"L & M BUS CORP.";"Pre-K";"210";"Driver"
"138";"2015-2016";"L & M BUS CORP.";"Pre-K";"1";"Driver&Attendant"
"139";"2015-2016";"LEESEL TRANSP CORP (B2192)";"School Age";"302";"Attendant"
"140";"2015-2016";"LEESEL TRANSP CORP (B2192)";"School Age";"282";"Driver"
"141";"2015-2016";"LEESEL TRANSP CORP (B2192)";"School Age";"13";"Driver&Attendant"
"142";"2015-2016";"LITTLE LINDA BUS CO.,INC.";"School Age";"16";"Attendant"
"143";"2015-2016";"LITTLE LINDA BUS CO.,INC.";"School Age";"17";"Driver"
"144";"2015-2016";"LITTLE LISA BUS CO. INC.";"School Age";"73";"Attendant"
"145";"2015-2016";"LITTLE LISA BUS CO. INC.";"School Age";"71";"Driver"
"146";"2015-2016";"LITTLE RICHIE BUS SERVICE";"School Age";"550";"Attendant"
"147";"2015-2016";"LITTLE RICHIE BUS SERVICE";"School Age";"547";"Driver"
"148";"2015-2016";"LOGAN BUS COMPANY INC.";"School Age";"272";"Attendant"
"149";"2015-2016";"LOGAN BUS COMPANY INC.";"School Age";"324";"Driver"
"150";"2015-2016";"LOGAN BUS COMPANY INC.";"School Age";"5";"Driver&Attendant"
"151";"2015-2016";"LOGAN TRANSPORTATION SYSTEMS";"School Age";"32";"Driver"
"152";"2015-2016";"LORINDA ENT. LTD.";"School Age";"218";"Attendant"
"153";"2015-2016";"LORINDA ENT. LTD.";"School Age";"203";"Driver"
"154";"2015-2016";"LORINDA ENT. LTD.";"School Age";"2";"Driver&Attendant"
"155";"2015-2016";"LORISSA BUS SERVICE INC.";"School Age";"124";"Driver"
"156";"2015-2016";"MAR-CAN TRANSPORT CO. INC (B2192)";"School Age";"245";"Attendant"
"157";"2015-2016";"MAR-CAN TRANSPORT CO. INC (B2192)";"School Age";"220";"Driver"
"158";"2015-2016";"MAR-CAN TRANSPORT CO. INC (B2192)";"School Age";"3";"Driver&Attendant"
"159";"2015-2016";"MONTAUK STUDENT TRANS LLC (B2192)";"School Age";"4";"Attendant"
"160";"2015-2016";"MONTAUK STUDENT TRANS LLC (B2192)";"School Age";"2";"Driver"
"161";"2015-2016";"MONTAUK STUDENT TRANS, INC. (B2321)";"School Age";"34";"Attendant"
"162";"2015-2016";"MONTAUK STUDENT TRANS, INC. (B2321)";"School Age";"37";"Driver"
"163";"2015-2016";"MUTUAL BUS CORP. (B2192)";"School Age";"13";"Attendant"
"164";"2015-2016";"MUTUAL BUS CORP. (B2192)";"School Age";"14";"Driver"
"165";"2015-2016";"SELBY TRANS CORP. (B2192)";"School Age";"2";"Attendant"
"166";"2015-2016";"MUTUAL BUS CORP. (B2192)";"School Age";"3";"Driver&Attendant"
"167";"2015-2016";"MUTUAL BUS CORP. (B2321)";"School Age";"44";"Attendant"
"168";"2015-2016";"MUTUAL BUS CORP. (B2321)";"School Age";"18";"Driver"
"169";"2015-2016";"MUTUAL BUS CORP. (B2321)";"School Age";"10";"Driver&Attendant"
"170";"2015-2016";"MV TRANSPORTATION, INC.";"School Age";"29";"Driver"
"171";"2015-2016";"NEW DAWN TRANSIT, LLC (B2321)";"School Age";"193";"Attendant"
"172";"2015-2016";"NEW DAWN TRANSIT, LLC (B2321)";"School Age";"182";"Driver"
"173";"2015-2016";"NEW DAWN TRANSIT, LLC (B2321)";"School Age";"3";"Driver&Attendant"
"174";"2015-2016";"PENNY TRANSPORTATION";"Pre-K";"17";"Attendant"
"175";"2015-2016";"PENNY TRANSPORTATION";"Pre-K";"23";"Driver"
"176";"2015-2016";"PHILLIP BUS CORP (B2192)";"School Age";"40";"Attendant"
"177";"2015-2016";"PHILLIP BUS CORP (B2192)";"School Age";"35";"Driver"
"178";"2015-2016";"PHILLIP BUS CORP (B2192)";"School Age";"3";"Driver&Attendant"
"179";"2015-2016";"PHILLIPS BUS SERVICE";"Pre-K";"51";"Attendant"
"180";"2015-2016";"PHILLIPS BUS SERVICE";"Pre-K";"46";"Driver"
"181";"2015-2016";"PHILLIPS BUS SERVICE";"Pre-K";"2";"Driver&Attendant"
"182";"2015-2016";"PIONEER TRANSPORTATION CORP";"School Age";"190";"Attendant"
"183";"2015-2016";"PIONEER TRANSPORTATION CORP";"School Age";"744";"Driver"
"184";"2015-2016";"PIONEER TRANSPORTATION CORP";"School Age";"3";"Driver&Attendant"
"185";"2015-2016";"PRIDE TRANSPORTATION (SCH AGE)";"School Age";"77";"Attendant"
"186";"2015-2016";"PRIDE TRANSPORTATION (SCH AGE)";"School Age";"80";"Driver"
"187";"2015-2016";"PRIDE TRANSPORTATION (SCH AGE)";"School Age";"3";"Driver&Attendant"
"188";"2015-2016";"QUALITY TRANSPORTATION CORP.";"School Age";"147";"Driver"
"189";"2015-2016";"QUALITY TRANSPORTATION CORP.";"School Age";"47";"Driver&Attendant"
"190";"2015-2016";"R & C TRANSIT, INC. (B2321)";"School Age";"5";"Attendant"
"191";"2015-2016";"R & C TRANSIT, INC. (B2321)";"School Age";"4";"Driver"
"192";"2015-2016";"R & C TRANSIT, INC. (B2321)";"School Age";"1";"Driver&Attendant"
"193";"2015-2016";"RELIANT TRANS, INC. (B2321)";"School Age";"991";"Attendant"
"194";"2015-2016";"RELIANT TRANS, INC. (B2321)";"School Age";"938";"Driver"
"195";"2015-2016";"RELIANT TRANS, INC. (B2321)";"School Age";"2";"Driver&Attendant"
"196";"2015-2016";"RICHMOND COUNTY AMBULANCE SERV";"Ambulance";"3";"Driver"
"197";"2015-2016";"RICHMOND COUNTY AMBULANCE SERV";"Ambulance";"18";"Driver&EMT"
"198";"2015-2016";"RICHMOND COUNTY AMBULANCE SERV";"Ambulance";"2";"Driver&Paramedic"
"199";"2015-2016";"RICHMOND COUNTY AMBULANCE SERV";"Ambulance";"22";"EMT"
"200";"2015-2016";"RICHMOND COUNTY AMBULANCE SERV";"Ambulance";"11";"Paramedic"
"201";"2015-2016";"ROYAL EXPRESS LINE CORP.";"Pre-K";"21";"Attendant"
"202";"2015-2016";"ROYAL EXPRESS LINE CORP.";"Pre-K";"18";"Driver"
"203";"2015-2016";"SAFE COACH INC. (B2321)";"School Age";"59";"Attendant"
"204";"2015-2016";"SAFE COACH INC. (B2321)";"School Age";"54";"Driver"
"205";"2015-2016";"SAFE COACH INC. (B2321)";"School Age";"4";"Driver&Attendant"
"206";"2015-2016";"SELBY TRANS CORP. (B2192)";"School Age";"2";"Driver"
"207";"2015-2016";"SELBY TRANSPORTATION";"Pre-K";"82";"Attendant"
"208";"2015-2016";"SELBY TRANSPORTATION";"Pre-K";"5";"Driver&Attendant"
"209";"2015-2016";"SMART PICK";"Pre-K";"43";"Driver"
"210";"2015-2016";"SNT BUS INC";"School Age";"415";"Driver"
"211";"2015-2016";"SUBURBAN TRAILS, INC";"Coach";"31";"Driver"
"212";"2015-2016";"THIRD AVENUE TRANSIT";"School Age";"18";"Attendant"
"213";"2015-2016";"THIRD AVENUE TRANSIT";"School Age";"11";"Driver"
"214";"2015-2016";"THOMAS BUSES INC (B2192)";"School Age";"33";"Attendant"
"215";"2015-2016";"THOMAS BUSES INC (B2192)";"School Age";"21";"Driver"
"216";"2015-2016";"THOMAS BUSES INC (B2192)";"School Age";"1";"Driver&Attendant"
"217";"2015-2016";"THOMAS BUSES, INC. (B2321)";"School Age";"75";"Attendant"
"218";"2015-2016";"THOMAS BUSES, INC. (B2321)";"School Age";"69";"Driver"
"219";"2015-2016";"THOMAS BUSES, INC. (B2321)";"School Age";"1";"Driver&Attendant"
"220";"2015-2016";"THOMAS BUSES, INC.";"Pre-K";"16";"Attendant"
"221";"2015-2016";"THOMAS BUSES, INC.";"Pre-K";"15";"Driver"
"222";"2015-2016";"THOMAS BUSES, INC.";"Pre-K";"1";"Driver&Attendant"
"223";"2015-2016";"TRANSCARE NEW YORK, INC.";"Ambulance";"2";"Paramedic"
"224";"2015-2016";"TWENTY FIRST AV TRANSP (B2192)";"School Age";"145";"Attendant"
"225";"2015-2016";"TWENTY FIRST AV TRANSP (B2192)";"School Age";"131";"Driver"
"226";"2015-2016";"TWENTY FIRST AV TRANSP (B2192)";"School Age";"17";"Driver&Attendant"
"227";"2015-2016";"VAN TRANS LLC (B2192)";"School Age";"157";"Attendant"
"228";"2015-2016";"VAN TRANS LLC (B2192)";"School Age";"143";"Driver"
"229";"2015-2016";"VAN TRANS LLC (B2192)";"School Age";"9";"Driver&Attendant"
"230";"2015-2016";"VINNY`S BUS SERVICES (B2321)";"School Age";"45";"Attendant"
"231";"2015-2016";"VINNY`S BUS SERVICES (B2321)";"School Age";"47";"Driver"
"232";"2015-2016";"VINNY`S BUS SERVICES (B2321)";"School Age";"3";"Driver&Attendant"
"233";"2015-2016";"Y & M TRANSIT CORP (B2192)";"School Age";"263";"Attendant"
"234";"2015-2016";"Y & M TRANSIT CORP (B2192)";"School Age";"216";"Driver"
"235";"2015-2016";"Y & M TRANSIT CORP (B2192)";"School Age";"19";"Driver&Attendant"
"236";"2015-2016";"Y & M TRANSIT CORP (B2321)";"School Age";"30";"Attendant"
"237";"2015-2016";"Y & M TRANSIT CORP (B2321)";"School Age";"22";"Driver"
"238";"2015-2016";"Y & M TRANSIT CORP (B2321)";"School Age";"3";"Driver&Attendant"
"239";"2018-2019";"SAFE COACH INC.";"School Age";"1";"Attendant"
"240";"2018-2019";"VAN TRANS LLC";"School Age";"1";"Attendant"
"241";"2018-2019";"VAN TRANS LLC";"School Age";"1";"Driver"
"242";"2018-2019";"PRIDE TRANSPORTATION (SCH AGE)";"School Age";"15";"Driver&Attendant"
"243";"2018-2019";"QUALITY TRANSPORTATION CORP.";"School Age";"233";"Driver"
"244";"2018-2019";"RELIANT TRANSPORTATION, INC (B2321)";"School Age";"957";"Attendant"
"245";"2018-2019";"RELIANT TRANSPORTATION, INC (B2321)";"School Age";"915";"Driver"
"246";"2018-2019";"RELIANT TRANSPORTATION, INC (B2321)";"School Age";"38";"Driver&Attendant"
"247";"2018-2019";"ANOTHER RIDE INC.";"Pre-K";"6";"Driver"
"248";"2018-2019";"SAFE COACH INC. (B2321)";"School Age";"70";"Attendant"
"249";"2018-2019";"SAFE COACH INC. (B2321)";"School Age";"53";"Driver"
"250";"2018-2019";"SAFE COACH INC. (B2321)";"School Age";"6";"Driver&Attendant"
"251";"2018-2019";"THOMAS BUSES, INC.";"Pre-K";"9";"Driver"
"252";"2018-2019";"THOMAS BUSES, INC.";"Pre-K";"1";"Driver&Attendant"
"253";"2018-2019";"VAN TRANS LLC (B2192)";"School Age";"177";"Attendant"
"254";"2018-2019";"VAN TRANS LLC (B2192)";"School Age";"152";"Driver"
"255";"2018-2019";"VAN TRANS LLC (B2192)";"School Age";"19";"Driver&Attendant"
"256";"2018-2019";"VINNY`S BUS SERVICES (B2321)";"School Age";"68";"Attendant"
"257";"2016-2017";"JEA BUS COMPANY INC";"Pre-K";"1";"Attendant"
"258";"2018-2019";"VINNY`S BUS SERVICES (B2321)";"School Age";"69";"Driver"
"259";"2018-2019";"VINNY`S BUS SERVICES (B2321)";"School Age";"1";"Driver&Attendant"
"260";"2018-2019";"VOLUNTEER SCHOOL ATTENDANTS";"School Age";"10";"Attendant"
"261";"2018-2019";"Y & M TRANSIT CORP (B2192)";"School Age";"304";"Attendant"
"262";"2018-2019";"Y & M TRANSIT CORP (B2192)";"School Age";"211";"Driver"
"263";"2018-2019";"Y & M TRANSIT CORP (B2192)";"School Age";"27";"Driver&Attendant"
"264";"2018-2019";"Y & M TRANSIT CORP (B2321)";"School Age";"16";"Attendant"
"265";"2018-2019";"Y & M TRANSIT CORP (B2321)";"School Age";"13";"Driver"
"266";"2018-2019";"Y & M TRANSIT CORP (B2321)";"School Age";"1";"Driver&Attendant"
"267";"2018-2019";"ACADEMY EXPRESS LLC";"Coach";"70";"Driver"
"268";"2018-2019";"ACCORD BUS LLC";"Coach";"23";"Driver"
"269";"2018-2019";"ALINA SERVICES CORP.";"Pre-K";"76";"Attendant"
"270";"2018-2019";"ALINA SERVICES CORP.";"Pre-K";"66";"Driver"
"271";"2018-2019";"ALINA SERVICES CORP.";"Pre-K";"3";"Driver&Attendant"
"272";"2018-2019";"ALL AMERICAN SCHOOL BUS CORP.";"School Age";"138";"Attendant"
"273";"2018-2019";"ALL AMERICAN SCHOOL BUS CORP.";"School Age";"214";"Driver"
"274";"2018-2019";"ALL AMERICAN SCHOOL BUS CORP.";"School Age";"3";"Driver&Attendant"
"275";"2018-2019";"ALL COUNTY BUS LLC (B2321)";"School Age";"46";"Attendant"
"276";"2018-2019";"ALL COUNTY BUS LLC (B2321)";"School Age";"41";"Driver"
"277";"2018-2019";"ALL COUNTY BUS LLC (B2321)";"School Age";"2";"Driver&Attendant"
"278";"2018-2019";"ALLIED TRANSIT CORP.";"School Age";"24";"Attendant"
"279";"2018-2019";"ALLIED TRANSIT CORP.";"School Age";"84";"Driver"
"280";"2018-2019";"ALLIED TRANSIT CORP.";"School Age";"4";"Driver&Attendant"
"281";"2018-2019";"ANOTHER RIDE INC.";"Pre-K";"7";"Attendant"
"282";"2018-2019";"B & F SKILLED INC.(B2192)";"School Age";"58";"Attendant"
"283";"2018-2019";"B & F SKILLED INC.(B2192)";"School Age";"52";"Driver"
"284";"2018-2019";"B & F SKILLED INC.(B2192)";"School Age";"1";"Driver&Attendant"
"285";"2019-2020";"BOBBY`S BUS CO. INC.";"School Age";"159";"Driver"
"286";"2019-2020";"BORO TRANSIT, INC.";"School Age";"457";"Attendant"
"287";"2019-2020";"BORO TRANSIT, INC.";"School Age";"591";"Driver"
"288";"2019-2020";"BORO TRANSIT, INC.";"School Age";"8";"Driver&Attendant"
"289";"2019-2020";"CAREFUL BUS SERVICE INC (B2192)";"School Age";"13";"Attendant"
"290";"2019-2020";"CAREFUL BUS SERVICE INC (B2192)";"School Age";"9";"Driver"
"291";"2019-2020";"CAREFUL BUS SERVICE INC (B2192)";"School Age";"1";"Driver&Attendant"
"292";"2019-2020";"CAREFUL BUS";"School Age";"119";"Attendant"
"293";"2019-2020";"CAREFUL BUS";"School Age";"106";"Driver"
"294";"2019-2020";"CAREFUL BUS";"School Age";"12";"Driver&Attendant"
"295";"2019-2020";"CHILDREN`S TRANS INC. (B2321)";"School Age";"18";"Attendant"
"296";"2019-2020";"CHILDREN`S TRANS INC. (B2321)";"School Age";"10";"Driver"
"297";"2019-2020";"CHILDREN`S TRANS INC. (B2321)";"School Age";"1";"Driver&Attendant"
"298";"2019-2020";"CONSOLIDATED BUS TRANSIT, INC.";"School Age";"269";"Attendant"
"299";"2019-2020";"CONSOLIDATED BUS TRANSIT, INC.";"School Age";"226";"Driver"
"300";"2019-2020";"CONSOLIDATED BUS TRANSIT, INC.";"School Age";"6";"Driver&Attendant"
"301";"2019-2020";"DON THOMAS BUSES, INC. (B2321)";"School Age";"113";"Attendant"
"302";"2019-2020";"DON THOMAS BUSES, INC. (B2321)";"School Age";"8";"Driver&Attendant"
"303";"2019-2020";"DON THOMAS BUSES, INC.";"Pre-K";"29";"Driver"
"304";"2019-2020";"DON THOMAS BUSES, INC.";"Pre-K";"28";"Attendant"
"305";"2018-2019";"RICHMOND COUNTY AMBULANCE SERV";"Ambulance";"21";"Driver&EMT"
"306";"2018-2019";"RICHMOND COUNTY AMBULANCE SERV";"Ambulance";"2";"Driver&Paramedic"
"307";"2018-2019";"RICHMOND COUNTY AMBULANCE SERV";"Ambulance";"24";"EMT"
"308";"2018-2019";"RICHMOND COUNTY AMBULANCE SERV";"Ambulance";"10";"Paramedic"
"309";"2018-2019";"RICHMOND COUNTY AMBULANCE SERV";"School Age";"21";"Driver&EMT"
"310";"2018-2019";"RICHMOND COUNTY AMBULANCE SERV";"School Age";"2";"Driver&Paramedic"
"311";"2018-2019";"RICHMOND COUNTY AMBULANCE SERV";"School Age";"24";"EMT"
"312";"2018-2019";"RICHMOND COUNTY AMBULANCE SERV";"School Age";"10";"Paramedic"
"313";"2018-2019";"ROYAL EXPRESS LINE CORP.";"Pre-K";"20";"Attendant"
"314";"2018-2019";"ROYAL EXPRESS LINE CORP.";"Pre-K";"19";"Driver"
"315";"2018-2019";"S & J TOUR & BUS INC.";"Coach";"10";"Driver"
"316";"2019-2020";"IC BUS INC. (PRE-K)";"Pre-K";"2";"Driver&Attendant"
"317";"2019-2020";"EMPIRE CHARTER SERVICE INC";"School Age";"56";"Attendant"
"318";"2019-2020";"EMPIRE CHARTER SERVICE INC";"School Age";"53";"Driver"
"319";"2019-2020";"EMPIRE CHARTER SERVICE INC";"School Age";"5";"Driver&Attendant"
"320";"2019-2020";"EMPIRE STATE BUS CORP.";"School Age";"38";"Attendant"
"321";"2019-2020";"EMPIRE STATE BUS CORP.";"School Age";"27";"Driver"
"322";"2019-2020";"EMPIRE STATE BUS CORP.";"School Age";"4";"Driver&Attendant"
"323";"2019-2020";"FIRST STEPS TRANS INC. (B2192)";"School Age";"75";"Attendant"
"324";"2019-2020";"FIRST STEPS TRANS INC. (B2192)";"School Age";"40";"Driver"
"325";"2016-2017";"ACADEMY EXPRESS LLC";"Coach";"20";"Driver"
"326";"2016-2017";"ACME BUS CORP. (B2321)";"School Age";"58";"Attendant"
"327";"2016-2017";"ACME BUS CORP. (B2321)";"School Age";"57";"Driver"
"328";"2016-2017";"ACME BUS CORP. (B2321)";"School Age";"5";"Driver&Attendant"
"329";"2016-2017";"ALINA SERVICES CORP.";"Pre-K";"73";"Attendant"
"330";"2016-2017";"SELBY TRANS CORP. (B2192)";"School Age";"1";"Driver&Attendant"
"331";"2016-2017";"SMART PICK";"Pre-K";"39";"Attendant"
"332";"2016-2017";"ALINA SERVICES CORP.";"Pre-K";"62";"Driver"
"333";"2016-2017";"ALINA SERVICES CORP.";"Pre-K";"3";"Driver&Attendant"
"334";"2016-2017";"ALL AMERICAN SCHOOL BUS CORP.";"School Age";"59";"Attendant"
"335";"2016-2017";"ALL AMERICAN SCHOOL BUS CORP.";"School Age";"159";"Driver"
"336";"2016-2017";"ALL COUNTY BUS LLC (B2321)";"School Age";"56";"Attendant"
"337";"2016-2017";"ALL COUNTY BUS LLC (B2321)";"School Age";"51";"Driver"
"338";"2016-2017";"ALLIED TRANSIT CORP.";"School Age";"48";"Attendant"
"339";"2016-2017";"ALLIED TRANSIT CORP.";"School Age";"84";"Driver"
"340";"2016-2017";"ALLIED TRANSIT CORP.";"School Age";"3";"Driver&Attendant"
"341";"2016-2017";"ANOTHER RIDE INC.";"Pre-K";"8";"Attendant"
"342";"2016-2017";"ANOTHER RIDE INC.";"Pre-K";"6";"Driver"
"343";"2016-2017";"B & F SKILLED INC.(B2192)";"School Age";"55";"Attendant"
"344";"2016-2017";"B & F SKILLED INC.(B2192)";"School Age";"49";"Driver"
"345";"2016-2017";"MJT BUS";"Pre-K";"1";"Driver"
"346";"2016-2017";"ALL COUNTY BUS LLC (B2321)";"School Age";"2";"Driver&Attendant"
"347";"2019-2020";"FIRST STEPS TRANS INC. (B2192)";"School Age";"3";"Driver&Attendant"
"348";"2019-2020";"FIRST STEPS TRANS, INC";"Pre-K";"20";"Attendant"
"349";"2019-2020";"FIRST STEPS TRANS, INC";"Pre-K";"14";"Driver"
"350";"2019-2020";"FORTUNA BUS COMPANY";"Pre-K";"47";"Attendant"
"351";"2019-2020";"FORTUNA BUS COMPANY";"Pre-K";"33";"Driver"
"352";"2019-2020";"G.V.C. LTD. (B2192)";"School Age";"181";"Attendant"
"353";"2016-2017";"B & F SKILLED INC.(B2192)";"School Age";"1";"Driver&Attendant"
"354";"2016-2017";"B & F SKILLED, INC.";"Pre-K";"13";"Attendant"
"355";"2016-2017";"B & F SKILLED, INC.";"Pre-K";"12";"Driver"
"356";"2016-2017";"BOBBY`S BUS CO. INC.";"School Age";"147";"Driver"
"357";"2016-2017";"BORO TRANSIT, INC.";"School Age";"384";"Attendant"
"358";"2016-2017";"BORO TRANSIT, INC.";"School Age";"585";"Driver"
"359";"2016-2017";"BORO TRANSIT, INC.";"School Age";"2";"Driver&Attendant"
"360";"2016-2017";"CAREFUL BUS SERVICE INC (B2192)";"School Age";"16";"Attendant"
"361";"2016-2017";"CAREFUL BUS SERVICE INC (B2192)";"School Age";"10";"Driver"
"362";"2016-2017";"CAREFUL BUS SERVICE INC (B2192)";"School Age";"2";"Driver&Attendant"
"363";"2016-2017";"CAREFUL BUS";"School Age";"117";"Attendant"
"364";"2016-2017";"CAREFUL BUS";"School Age";"94";"Driver"
"365";"2016-2017";"CAREFUL BUS";"School Age";"11";"Driver&Attendant"
"366";"2016-2017";"CHILDREN`S TRANS INC. (B2321)";"School Age";"19";"Attendant"
"367";"2016-2017";"MONTAUK STUDENT TRANS, INC. (B2321)";"School Age";"1";"Driver&Attendant"
"368";"2016-2017";"RICHMOND COUNTY AMBULANCE SERV";"Ambulance";"1";"Driver"
"369";"2016-2017";"TRANSCARE NEW YORK, INC.";"Ambulance";"2";"Paramedic"
"370";"2016-2017";"CHILDREN`S TRANS INC. (B2321)";"School Age";"16";"Driver"
"371";"2016-2017";"CHILDREN`S TRANS INC. (B2321)";"School Age";"1";"Driver&Attendant"
"372";"2016-2017";"CONSOLIDATED BUS TRANS. INC.";"School Age";"156";"Attendant"
"373";"2016-2017";"MV TRANSPORTATION, INC.";"School Age";"1";"Driver&Attendant"
"374";"2016-2017";"PHILLIP BUS CORP (B2192)";"School Age";"1";"Driver&Attendant"
"375";"2016-2017";"SAFE COACH INC.";"School Age";"1";"Attendant"
"376";"2016-2017";"CONSOLIDATED BUS TRANS. INC.";"School Age";"122";"Driver"
"377";"2016-2017";"CONSOLIDATED BUS TRANS. INC.";"School Age";"2";"Driver&Attendant"
"378";"2016-2017";"DON THOMAS BUSES, INC. (B2321)";"School Age";"135";"Attendant"
"379";"2016-2017";"DON THOMAS BUSES, INC. (B2321)";"School Age";"118";"Driver"
"380";"2016-2017";"DON THOMAS BUSES, INC. (B2321)";"School Age";"5";"Driver&Attendant"
"381";"2016-2017";"DON THOMAS BUSES, INC.";"Pre-K";"27";"Attendant"
"382";"2016-2017";"L & M BUS CORP.";"Pre-K";"1";"Driver&Attendant"
"383";"2016-2017";"LORINDA ENT. LTD.";"School Age";"1";"Driver&Attendant"
"384";"2016-2017";"DON THOMAS BUSES, INC.";"Pre-K";"20";"Driver"
"385";"2016-2017";"E-Z BUS LLC (B2321)";"School Age";"7";"Attendant"
"386";"2016-2017";"E-Z BUS LLC (B2321)";"School Age";"9";"Driver"
"387";"2016-2017";"PIONEER TRANSPORTATION CORP";"School Age";"1";"Driver&Attendant"
"388";"2016-2017";"E-Z BUS LLC (B2321)";"School Age";"2";"Driver&Attendant"
"389";"2016-2017";"EMPIRE CHARTER SERVICE INC";"School Age";"15";"Attendant"
"390";"2016-2017";"EMPIRE CHARTER SERVICE INC";"School Age";"14";"Driver"
"391";"2016-2017";"EMPIRE STATE BUS CORP.";"School Age";"12";"Attendant"
"392";"2016-2017";"EMPIRE STATE BUS CORP.";"School Age";"19";"Driver"
"393";"2016-2017";"EMPIRE STATE BUS CORP.";"School Age";"1";"Driver&Attendant"
"394";"2016-2017";"FIRST STEPS TRANSP INC. (B2192)";"School Age";"153";"Attendant"
"395";"2016-2017";"L & M BUS CORP (A)";"School Age";"11";"Driver"
"396";"2017-2018";"FIRST STEPS";"Pre-K";"17";"Driver"
"397";"2016-2017";"FIRST STEPS TRANSP INC. (B2192)";"School Age";"141";"Driver"
"398";"2016-2017";"FIRST STEPS TRANSP INC. (B2192)";"School Age";"4";"Driver&Attendant"
"399";"2016-2017";"FIRST STEPS";"Pre-K";"21";"Attendant"
"400";"2016-2017";"FIRST STEPS";"Pre-K";"20";"Driver"
"401";"2016-2017";"FORTUNA BUS COMPANY";"Pre-K";"41";"Attendant"
"402";"2016-2017";"FORTUNA BUS COMPANY";"Pre-K";"39";"Driver"
"403";"2016-2017";"G.V.C. LTD. (B2192)";"School Age";"160";"Attendant"
"404";"2016-2017";"G.V.C. LTD. (B2192)";"School Age";"126";"Driver"
"405";"2016-2017";"G.V.C. LTD. (B2192)";"School Age";"22";"Driver&Attendant"
"406";"2016-2017";"G.V.C., LTD.";"Pre-K";"121";"Attendant"
"407";"2016-2017";"G.V.C., LTD.";"Pre-K";"101";"Driver"
"408";"2016-2017";"G.V.C., LTD.";"Pre-K";"8";"Driver&Attendant"
"409";"2016-2017";"GRANDPA`S BUS CO., INC.";"School Age";"270";"Driver"
"410";"2016-2017";"GRANDPA`S BUS CO., INC.";"School Age";"2";"Driver&Attendant"
"411";"2016-2017";"HAPPY CHILD TRANS LLC (B2192)";"School Age";"138";"Attendant"
"412";"2016-2017";"HAPPY CHILD TRANS LLC (B2192)";"School Age";"80";"Driver"
"413";"2016-2017";"HAPPY DAY TRANSIT";"Pre-K";"62";"Attendant"
"414";"2016-2017";"HAPPY DAY TRANSIT";"Pre-K";"45";"Driver"
"415";"2016-2017";"HAPPY DAY TRANSIT";"Pre-K";"4";"Driver&Attendant"
"416";"2016-2017";"HOYT TRANSPORTATION CORP.";"School Age";"203";"Attendant"
"417";"2016-2017";"HOYT TRANSPORTATION CORP.";"School Age";"189";"Driver"
"418";"2016-2017";"HOYT TRANSPORTATION CORP.";"School Age";"2";"Driver&Attendant"
"419";"2016-2017";"I & Y TRANSIT CORP";"Pre-K";"11";"Attendant"
"420";"2016-2017";"I & Y TRANSIT CORP";"Pre-K";"9";"Driver"
"421";"2016-2017";"IC BUS INC. (PRE-K)";"Pre-K";"60";"Attendant"
"422";"2016-2017";"IC BUS INC. (PRE-K)";"Pre-K";"64";"Driver"
"423";"2016-2017";"IC BUS INC.";"School Age";"74";"Attendant"
"424";"2016-2017";"IC BUS INC.";"School Age";"80";"Driver"
"425";"2016-2017";"IC BUS INC.";"School Age";"2";"Driver&Attendant"
"426";"2016-2017";"JOFAZ TRANSPORTATION INC.";"School Age";"80";"Attendant"
"427";"2016-2017";"JOFAZ TRANSPORTATION INC.";"School Age";"351";"Driver"
"428";"2016-2017";"JOFAZ TRANSPORTATION INC.";"School Age";"3";"Driver&Attendant"
"429";"2016-2017";"L & M BUS CORP (A)";"School Age";"12";"Attendant"
"430";"2016-2017";"L & M BUS CORP. (B2192)";"School Age";"60";"Attendant"
"431";"2016-2017";"L & M BUS CORP. (B2192)";"School Age";"58";"Driver"
"432";"2016-2017";"L & M BUS CORP. (B2192)";"School Age";"1";"Driver&Attendant"
"433";"2016-2017";"L & M BUS CORP. (B2321)";"School Age";"12";"Attendant"
"434";"2016-2017";"L & M BUS CORP. (B2321)";"School Age";"7";"Driver"
"435";"2016-2017";"L & M BUS CORP.";"Pre-K";"236";"Attendant"
"436";"2016-2017";"L & M BUS CORP.";"Pre-K";"208";"Driver"
"437";"2016-2017";"LEESEL TRANSP CORP (B2192)";"School Age";"329";"Attendant"
"438";"2016-2017";"LEESEL TRANSP CORP (B2192)";"School Age";"315";"Driver"
"439";"2016-2017";"LEESEL TRANSP CORP (B2192)";"School Age";"15";"Driver&Attendant"
"440";"2016-2017";"LITTLE LINDA BUS CO.,INC.";"School Age";"14";"Attendant"
"441";"2016-2017";"LITTLE LINDA BUS CO.,INC.";"School Age";"15";"Driver"
"442";"2016-2017";"LITTLE LISA BUS CO. INC.";"School Age";"112";"Attendant"
"443";"2016-2017";"LITTLE LISA BUS CO. INC.";"School Age";"107";"Driver"
"444";"2016-2017";"LITTLE LISA BUS CO. INC.";"School Age";"1";"Driver&Attendant"
"445";"2016-2017";"LITTLE RICHIE BUS SERVICE";"School Age";"542";"Attendant"
"446";"2016-2017";"LITTLE RICHIE BUS SERVICE";"School Age";"535";"Driver"
"447";"2016-2017";"LITTLE RICHIE BUS SERVICE";"School Age";"2";"Driver&Attendant"
"448";"2016-2017";"LOGAN BUS COMPANY INC.";"School Age";"309";"Attendant"
"449";"2016-2017";"LOGAN BUS COMPANY INC.";"School Age";"365";"Driver"
"450";"2016-2017";"LOGAN BUS COMPANY INC.";"School Age";"3";"Driver&Attendant"
"451";"2016-2017";"LOGAN TRANSPORTATION SYSTEMS";"School Age";"31";"Driver"
"452";"2016-2017";"LORINDA ENT. LTD.";"School Age";"256";"Attendant"
"453";"2016-2017";"LORINDA ENT. LTD.";"School Age";"238";"Driver"
"454";"2016-2017";"LORISSA BUS SERVICE INC.";"School Age";"124";"Driver"
"455";"2016-2017";"MAR-CAN TRANSPORT CO. INC (B2192)";"School Age";"264";"Attendant"
"456";"2016-2017";"MAR-CAN TRANSPORT CO. INC (B2192)";"School Age";"244";"Driver"
"457";"2016-2017";"MAR-CAN TRANSPORT CO. INC (B2192)";"School Age";"2";"Driver&Attendant"
"458";"2016-2017";"MONTAUK STUDENT TRANS LLC (B2192)";"School Age";"3";"Attendant"
"459";"2016-2017";"MONTAUK STUDENT TRANS LLC (B2192)";"School Age";"7";"Driver"
"460";"2016-2017";"MONTAUK STUDENT TRANS, INC. (B2321)";"School Age";"23";"Attendant"
"461";"2016-2017";"MONTAUK STUDENT TRANS, INC. (B2321)";"School Age";"21";"Driver"
"462";"2016-2017";"MUTUAL BUS CORP. (B2192)";"School Age";"12";"Attendant"
"463";"2016-2017";"MUTUAL BUS CORP. (B2192)";"School Age";"8";"Driver"
"464";"2016-2017";"MUTUAL BUS CORP. (B2192)";"School Age";"1";"Driver&Attendant"
"465";"2016-2017";"MUTUAL BUS CORP. (B2321)";"School Age";"40";"Attendant"
"466";"2016-2017";"MUTUAL BUS CORP. (B2321)";"School Age";"21";"Driver"
"467";"2016-2017";"MUTUAL BUS CORP. (B2321)";"School Age";"7";"Driver&Attendant"
"468";"2016-2017";"MV TRANSPORTATION, INC.";"School Age";"16";"Driver"
"469";"2016-2017";"NEW DAWN TRANSIT, LLC (B2321)";"School Age";"232";"Attendant"
"470";"2016-2017";"NEW DAWN TRANSIT, LLC (B2321)";"School Age";"210";"Driver"
"471";"2016-2017";"NEW DAWN TRANSIT, LLC (B2321)";"School Age";"2";"Driver&Attendant"
"472";"2016-2017";"PENNY TRANSPORTATION";"Pre-K";"28";"Attendant"
"473";"2016-2017";"PENNY TRANSPORTATION";"Pre-K";"29";"Driver"
"474";"2016-2017";"PHILLIP BUS CORP (B2192)";"School Age";"41";"Attendant"
"475";"2016-2017";"PHILLIP BUS CORP (B2192)";"School Age";"43";"Driver"
"476";"2016-2017";"PHILLIPS BUS SERVICE";"Pre-K";"50";"Attendant"
"477";"2016-2017";"PHILLIPS BUS SERVICE";"Pre-K";"43";"Driver"
"478";"2016-2017";"PHILLIPS BUS SERVICE";"Pre-K";"2";"Driver&Attendant"
"479";"2016-2017";"PIONEER TRANSPORTATION CORP";"School Age";"200";"Attendant"
"480";"2016-2017";"PIONEER TRANSPORTATION CORP";"School Age";"742";"Driver"
"481";"2016-2017";"PRIDE TRANSPORTATION (SCH AGE)";"School Age";"113";"Attendant"
"482";"2016-2017";"PRIDE TRANSPORTATION (SCH AGE)";"School Age";"123";"Driver"
"483";"2016-2017";"PRIDE TRANSPORTATION (SCH AGE)";"School Age";"3";"Driver&Attendant"
"484";"2016-2017";"QUALITY TRANSPORTATION CORP.";"School Age";"235";"Driver"
"485";"2016-2017";"QUALITY TRANSPORTATION CORP.";"School Age";"2";"Driver&Attendant"
"486";"2016-2017";"R & C TRANSIT, INC. (B2321)";"School Age";"6";"Attendant"
"487";"2016-2017";"R & C TRANSIT, INC. (B2321)";"School Age";"4";"Driver"
"488";"2016-2017";"R & C TRANSIT, INC. (B2321)";"School Age";"1";"Driver&Attendant"
"489";"2016-2017";"RELIANT TRANS, INC. (B2321)";"School Age";"901";"Attendant"
"490";"2016-2017";"RELIANT TRANS, INC. (B2321)";"School Age";"879";"Driver"
"491";"2016-2017";"RELIANT TRANS, INC. (B2321)";"School Age";"9";"Driver&Attendant"
"492";"2016-2017";"RICHMOND COUNTY AMBULANCE SERV";"Ambulance";"1";"Attendant"
"493";"2016-2017";"RICHMOND COUNTY AMBULANCE SERV";"Ambulance";"22";"Driver&EMT"
"494";"2016-2017";"RICHMOND COUNTY AMBULANCE SERV";"Ambulance";"1";"Driver&Paramedic"
"495";"2016-2017";"RICHMOND COUNTY AMBULANCE SERV";"Ambulance";"29";"EMT"
"496";"2016-2017";"RICHMOND COUNTY AMBULANCE SERV";"Ambulance";"10";"Paramedic"
"497";"2016-2017";"RICHMOND COUNTY AMBULANCE SERV";"School Age";"1";"Attendant"
"498";"2016-2017";"RICHMOND COUNTY AMBULANCE SERV";"School Age";"1";"Driver"
"499";"2016-2017";"RICHMOND COUNTY AMBULANCE SERV";"School Age";"22";"Driver&EMT"
"500";"2016-2017";"RICHMOND COUNTY AMBULANCE SERV";"School Age";"1";"Driver&Paramedic"
"501";"2016-2017";"RICHMOND COUNTY AMBULANCE SERV";"School Age";"29";"EMT"
"502";"2016-2017";"RICHMOND COUNTY AMBULANCE SERV";"School Age";"10";"Paramedic"
"503";"2016-2017";"ROYAL EXPRESS LINE CORP.";"Pre-K";"22";"Attendant"
"504";"2016-2017";"ROYAL EXPRESS LINE CORP.";"Pre-K";"21";"Driver"
"505";"2016-2017";"SAFE COACH INC. (B2321)";"School Age";"63";"Attendant"
"506";"2016-2017";"SAFE COACH INC. (B2321)";"School Age";"54";"Driver"
"507";"2016-2017";"SAFE COACH INC. (B2321)";"School Age";"5";"Driver&Attendant"
"508";"2016-2017";"SELBY TRANS CORP. (B2192)";"School Age";"3";"Attendant"
"509";"2016-2017";"SELBY TRANS CORP. (B2192)";"School Age";"3";"Driver"
"510";"2016-2017";"SELBY TRANSPORTATION";"Pre-K";"61";"Attendant"
"511";"2016-2017";"SELBY TRANSPORTATION";"Pre-K";"83";"Driver"
"512";"2016-2017";"SELBY TRANSPORTATION";"Pre-K";"2";"Driver&Attendant"
"513";"2016-2017";"SMART PICK";"Pre-K";"37";"Driver"
"514";"2016-2017";"SNT BUS INC";"School Age";"423";"Driver"
"515";"2016-2017";"SUBURBAN TRAILS, INC";"Coach";"32";"Driver"
"516";"2016-2017";"THIRD AVENUE TRANSIT";"School Age";"12";"Attendant"
"517";"2016-2017";"THIRD AVENUE TRANSIT";"School Age";"11";"Driver"
"518";"2016-2017";"THOMAS BUSES INC (B2192)";"School Age";"30";"Attendant"
"519";"2016-2017";"THOMAS BUSES INC (B2192)";"School Age";"22";"Driver"
"520";"2016-2017";"THOMAS BUSES INC (B2192)";"School Age";"1";"Driver&Attendant"
"521";"2016-2017";"THOMAS BUSES, INC. (B2321)";"School Age";"80";"Attendant"
"522";"2016-2017";"THOMAS BUSES, INC. (B2321)";"School Age";"48";"Driver"
"523";"2016-2017";"THOMAS BUSES, INC.";"Pre-K";"17";"Attendant"
"524";"2016-2017";"THOMAS BUSES, INC.";"Pre-K";"18";"Driver"
"525";"2016-2017";"THOMAS BUSES, INC.";"Pre-K";"1";"Driver&Attendant"
"526";"2016-2017";"TWENTY FIRST AV TRANSP (B2192)";"School Age";"135";"Attendant"
"527";"2016-2017";"TWENTY FIRST AV TRANSP (B2192)";"School Age";"118";"Driver"
"528";"2016-2017";"TWENTY FIRST AV TRANSP (B2192)";"School Age";"13";"Driver&Attendant"
"529";"2016-2017";"VAN TRANS LLC (B2192)";"School Age";"160";"Attendant"
"530";"2016-2017";"VAN TRANS LLC (B2192)";"School Age";"160";"Driver"
"531";"2016-2017";"VAN TRANS LLC (B2192)";"School Age";"15";"Driver&Attendant"
"532";"2016-2017";"VINNY`S BUS SERVICES (B2321)";"School Age";"53";"Attendant"
"533";"2016-2017";"VINNY`S BUS SERVICES (B2321)";"School Age";"53";"Driver"
"534";"2016-2017";"VINNY`S BUS SERVICES (B2321)";"School Age";"3";"Driver&Attendant"
"535";"2016-2017";"Y & M TRANSIT CORP (B2192)";"School Age";"282";"Attendant"
"536";"2016-2017";"Y & M TRANSIT CORP (B2192)";"School Age";"242";"Driver"
"537";"2016-2017";"Y & M TRANSIT CORP (B2192)";"School Age";"15";"Driver&Attendant"
"538";"2016-2017";"Y & M TRANSIT CORP (B2321)";"School Age";"25";"Attendant"
"539";"2016-2017";"Y & M TRANSIT CORP (B2321)";"School Age";"18";"Driver"
"540";"2016-2017";"Y & M TRANSIT CORP (B2321)";"School Age";"2";"Driver&Attendant"
"541";"2017-2018";"ACME BUS CORP. (B2321)";"School Age";"65";"Attendant"
"542";"2017-2018";"ACME BUS CORP. (B2321)";"School Age";"63";"Driver"
"543";"2017-2018";"ACME BUS CORP. (B2321)";"School Age";"5";"Driver&Attendant"
"544";"2017-2018";"ACADEMY EXPRESS LLC";"Coach";"17";"Driver"
"545";"2017-2018";"ALINA SERVICES CORP.";"Pre-K";"74";"Attendant"
"546";"2017-2018";"ALINA SERVICES CORP.";"Pre-K";"68";"Driver"
"547";"2017-2018";"ALINA SERVICES CORP.";"Pre-K";"2";"Driver&Attendant"
"548";"2017-2018";"ALL AMERICAN SCHOOL BUS CORP.";"School Age";"86";"Attendant"
"549";"2017-2018";"ALL AMERICAN SCHOOL BUS CORP.";"School Age";"180";"Driver"
"550";"2017-2018";"ALL COUNTY BUS LLC (B2321)";"School Age";"53";"Attendant"
"551";"2017-2018";"ALL COUNTY BUS LLC (B2321)";"School Age";"46";"Driver"
"552";"2017-2018";"ALL COUNTY BUS LLC (B2321)";"School Age";"2";"Driver&Attendant"
"553";"2017-2018";"ALLIED TRANSIT CORP.";"School Age";"26";"Attendant"
"554";"2017-2018";"MONTAUK STUDENT TRANS LLC (B2192)";"School Age";"3";"Attendant"
"555";"2017-2018";"MONTAUK STUDENT TRANS LLC (B2192)";"School Age";"6";"Driver"
"556";"2017-2018";"MONTAUK STUDENT TRANS, INC. (B2321)";"School Age";"19";"Attendant"
"557";"2017-2018";"MONTAUK STUDENT TRANS, INC. (B2321)";"School Age";"13";"Driver"
"558";"2017-2018";"RICHMOND COUNTY AMBULANCE SERV";"Ambulance";"1";"Attendant"
"559";"2017-2018";"RICHMOND COUNTY AMBULANCE SERV";"School Age";"1";"Attendant"
"560";"2017-2018";"ALLIED TRANSIT CORP.";"School Age";"80";"Driver"
"561";"2017-2018";"ALLIED TRANSIT CORP.";"School Age";"4";"Driver&Attendant"
"562";"2017-2018";"ANOTHER RIDE INC.";"Pre-K";"7";"Attendant"
"563";"2017-2018";"ANOTHER RIDE INC.";"Pre-K";"8";"Driver"
"564";"2017-2018";"B & F SKILLED INC.(B2192)";"School Age";"53";"Attendant"
"565";"2017-2018";"B & F SKILLED INC.(B2192)";"School Age";"54";"Driver"
"566";"2017-2018";"B & F SKILLED INC.(B2192)";"School Age";"1";"Driver&Attendant"
"567";"2017-2018";"B & F SKILLED, INC.";"Pre-K";"11";"Attendant"
"568";"2017-2018";"B & F SKILLED, INC.";"Pre-K";"9";"Driver"
"569";"2017-2018";"BOBBY`S BUS CO. INC.";"School Age";"153";"Driver"
"570";"2017-2018";"BORO TRANSIT, INC.";"School Age";"404";"Attendant"
"571";"2017-2018";"BORO TRANSIT, INC.";"School Age";"576";"Driver"
"572";"2017-2018";"BORO TRANSIT, INC.";"School Age";"2";"Driver&Attendant"
"573";"2017-2018";"PHILLIPS BUS SERVICE";"Pre-K";"1";"Driver&Attendant"
"574";"2017-2018";"SMART PICK";"Pre-K";"31";"Driver"
"575";"2017-2018";"CAREFUL BUS SERVICE INC (B2192)";"School Age";"14";"Attendant"
"576";"2017-2018";"CAREFUL BUS SERVICE INC (B2192)";"School Age";"10";"Driver"
"577";"2017-2018";"CAREFUL BUS SERVICE INC (B2192)";"School Age";"2";"Driver&Attendant"
"578";"2017-2018";"CAREFUL BUS";"School Age";"122";"Attendant"
"579";"2017-2018";"CAREFUL BUS";"School Age";"100";"Driver"
"580";"2017-2018";"CAREFUL BUS";"School Age";"8";"Driver&Attendant"
"581";"2017-2018";"CONSOLIDATED BUS TRANS. INC.";"School Age";"256";"Attendant"
"582";"2017-2018";"CONSOLIDATED BUS TRANS. INC.";"School Age";"172";"Driver"
"583";"2017-2018";"CONSOLIDATED BUS TRANS. INC.";"School Age";"4";"Driver&Attendant"
"584";"2017-2018";"CHILDREN`S TRANS INC. (B2321)";"School Age";"18";"Attendant"
"585";"2017-2018";"CHILDREN`S TRANS INC. (B2321)";"School Age";"12";"Driver"
"586";"2017-2018";"CHILDREN`S TRANS INC. (B2321)";"School Age";"1";"Driver&Attendant"
"587";"2017-2018";"DON THOMAS BUSES, INC. (B2321)";"School Age";"147";"Attendant"
"588";"2017-2018";"DON THOMAS BUSES, INC. (B2321)";"School Age";"103";"Driver"
"589";"2017-2018";"DON THOMAS BUSES, INC. (B2321)";"School Age";"7";"Driver&Attendant"
"590";"2017-2018";"DON THOMAS BUSES, INC.";"Pre-K";"27";"Attendant"
"591";"2017-2018";"DON THOMAS BUSES, INC.";"Pre-K";"25";"Driver"
"592";"2017-2018";"FIRST STEPS";"Pre-K";"21";"Attendant"
"593";"2017-2018";"MJT BUS";"Pre-K";"1";"Driver"
"594";"2017-2018";"SMART PICK";"Pre-K";"35";"Attendant"
"595";"2017-2018";"FIRST STEPS TRANSP INC. (B2192)";"School Age";"144";"Attendant"
"596";"2017-2018";"FIRST STEPS TRANSP INC. (B2192)";"School Age";"110";"Driver"
"597";"2017-2018";"FIRST STEPS TRANSP INC. (B2192)";"School Age";"3";"Driver&Attendant"
"598";"2017-2018";"DON THOMAS BUSES, INC.";"Pre-K";"1";"Driver&Attendant"
"599";"2017-2018";"E-Z BUS LLC (B2321)";"School Age";"10";"Attendant"
"600";"2017-2018";"E-Z BUS LLC (B2321)";"School Age";"7";"Driver"
"601";"2017-2018";"E-Z BUS LLC (B2321)";"School Age";"2";"Driver&Attendant"
"602";"2017-2018";"EMPIRE CHARTER SERVICE INC";"School Age";"53";"Attendant"
"603";"2017-2018";"EMPIRE CHARTER SERVICE INC";"School Age";"43";"Driver"
"604";"2017-2018";"EMPIRE CHARTER SERVICE INC";"School Age";"2";"Driver&Attendant"
"605";"2017-2018";"EMPIRE STATE BUS CORP.";"School Age";"14";"Attendant"
"606";"2017-2018";"EMPIRE STATE BUS CORP.";"School Age";"21";"Driver"
"607";"2017-2018";"FIRST STEPS TRANS, INC";"Pre-K";"25";"Attendant"
"608";"2017-2018";"FIRST STEPS TRANS, INC";"Pre-K";"15";"Driver"
"609";"2017-2018";"LEESEL TRANSP CORP (B2192)";"School Age";"400";"Attendant"
"610";"2017-2018";"LEESEL TRANSP CORP (B2192)";"School Age";"363";"Driver"
"611";"2017-2018";"LEESEL TRANSP CORP (B2192)";"School Age";"22";"Driver&Attendant"
"612";"2017-2018";"LORINDA ENT. LTD.";"School Age";"278";"Attendant"
"613";"2017-2018";"LORINDA ENT. LTD.";"School Age";"250";"Driver"
"614";"2017-2018";"LORINDA ENT. LTD.";"School Age";"2";"Driver&Attendant"
"615";"2017-2018";"RELIANT TRANS, INC. (B2321)";"School Age";"941";"Attendant"
"616";"2017-2018";"RELIANT TRANS, INC. (B2321)";"School Age";"907";"Driver"
"617";"2017-2018";"RELIANT TRANS, INC. (B2321)";"School Age";"17";"Driver&Attendant"
"618";"2017-2018";"SELBY TRANS CORP. (B2192)";"School Age";"4";"Attendant"
"619";"2017-2018";"SELBY TRANS CORP. (B2192)";"School Age";"2";"Driver"
"620";"2017-2018";"THIRD AVENUE TRANSIT";"School Age";"12";"Attendant"
"621";"2017-2018";"THIRD AVENUE TRANSIT";"School Age";"10";"Driver"
"622";"2017-2018";"THOMAS BUSES INC (B2192)";"School Age";"1";"Driver&Attendant"
"623";"2017-2018";"CONSOLIDATED BUS TRANSIT, INC.";"School Age";"247";"Attendant"
"624";"2017-2018";"MJT BUS COMPANY, INC";"Pre-K";"1";"Driver"
"625";"2017-2018";"CONSOLIDATED BUS TRANSIT, INC.";"School Age";"178";"Driver"
"626";"2017-2018";"CONSOLIDATED BUS TRANSIT, INC.";"School Age";"3";"Driver&Attendant"
"627";"2017-2018";"FIRST STEPS TRANS INC. (B2192)";"School Age";"132";"Attendant"
"628";"2017-2018";"FIRST STEPS TRANS INC. (B2192)";"School Age";"107";"Driver"
"629";"2017-2018";"FIRST STEPS TRANS INC. (B2192)";"School Age";"3";"Driver&Attendant"
"630";"2017-2018";"FORTUNA BUS COMPANY";"Pre-K";"40";"Attendant"
"631";"2017-2018";"FORTUNA BUS COMPANY";"Pre-K";"36";"Driver"
"632";"2017-2018";"G.V.C. LTD. (B2192)";"School Age";"165";"Attendant"
"633";"2017-2018";"G.V.C. LTD. (B2192)";"School Age";"119";"Driver"
"634";"2017-2018";"G.V.C. LTD. (B2192)";"School Age";"24";"Driver&Attendant"
"635";"2017-2018";"G.V.C., LTD.";"Pre-K";"135";"Attendant"
"636";"2017-2018";"G.V.C., LTD.";"Pre-K";"115";"Driver"
"637";"2017-2018";"G.V.C., LTD.";"Pre-K";"7";"Driver&Attendant"
"638";"2017-2018";"GRANDPA`S BUS CO., INC.";"School Age";"267";"Driver"
"639";"2017-2018";"GRANDPA`S BUS CO., INC.";"School Age";"2";"Driver&Attendant"
"640";"2017-2018";"IC BUS INC.";"School Age";"81";"Driver"
"641";"2017-2018";"VOLUNTEER SCHOOL ATTENDANTS";"Attendant";"5";"Attendant"
"642";"2017-2018";"VOLUNTEER SCHOOL ATTENDANTS";"Pre-K";"5";"Attendant"
"643";"2017-2018";"MUTUAL BUS CORP. (B2192)";"School Age";"1";"Driver&Attendant"
"644";"2017-2018";"QUALITY TRANSPORTATION CORP.";"School Age";"2";"Driver&Attendant"
"645";"2017-2018";"SMART PICK INC";"Pre-K";"1";"Driver&Attendant"
"646";"2017-2018";"ANOTHER RIDE INC.";"Pre-K";"1";"Driver&Attendant"
"647";"2017-2018";"HAPPY CHILD TRANS LLC (B2192)";"School Age";"104";"Attendant"
"648";"2017-2018";"HAPPY CHILD TRANS LLC (B2192)";"School Age";"66";"Driver"
"649";"2017-2018";"HAPPY DAY TRANSIT";"Pre-K";"65";"Attendant"
"650";"2017-2018";"HAPPY DAY TRANSIT";"Pre-K";"59";"Driver"
"651";"2017-2018";"HAPPY DAY TRANSIT";"Pre-K";"3";"Driver&Attendant"
"652";"2017-2018";"HOYT TRANSPORTATION CORP.";"School Age";"226";"Attendant"
"653";"2017-2018";"HOYT TRANSPORTATION CORP.";"School Age";"211";"Driver"
"654";"2017-2018";"HOYT TRANSPORTATION CORP.";"School Age";"5";"Driver&Attendant"
"655";"2017-2018";"I & Y TRANSIT CORP";"Pre-K";"10";"Attendant"
"656";"2017-2018";"I & Y TRANSIT CORP";"Pre-K";"8";"Driver"
"657";"2017-2018";"IC BUS INC. (PRE-K)";"Pre-K";"64";"Attendant"
"658";"2017-2018";"IC BUS INC. (PRE-K)";"Pre-K";"59";"Driver"
"659";"2017-2018";"IC BUS INC.";"School Age";"79";"Attendant"
"660";"2017-2018";"IC BUS INC.";"School Age";"2";"Driver&Attendant"
"661";"2017-2018";"JOFAZ TRANSPORTATION INC.";"School Age";"79";"Attendant"
"662";"2017-2018";"JOFAZ TRANSPORTATION INC.";"School Age";"322";"Driver"
"663";"2017-2018";"JOFAZ TRANSPORTATION INC.";"School Age";"2";"Driver&Attendant"
"664";"2017-2018";"L & M BUS CORP (A)";"School Age";"11";"Attendant"
"665";"2017-2018";"L & M BUS CORP (A)";"School Age";"9";"Driver"
"666";"2017-2018";"L & M BUS CORP. (B2192)";"School Age";"64";"Attendant"
"667";"2017-2018";"L & M BUS CORP. (B2192)";"School Age";"54";"Driver"
"668";"2017-2018";"L & M BUS CORP. (B2192)";"School Age";"1";"Driver&Attendant"
"669";"2017-2018";"L & M BUS CORP. (B2321)";"School Age";"10";"Attendant"
"670";"2017-2018";"L & M BUS CORP. (B2321)";"School Age";"7";"Driver"
"671";"2017-2018";"L & M BUS CORP.";"Pre-K";"232";"Attendant"
"672";"2017-2018";"L & M BUS CORP.";"Pre-K";"192";"Driver"
"673";"2017-2018";"LEESEL TRANSPORTATION CORP (B2192)";"School Age";"395";"Attendant"
"674";"2017-2018";"LEESEL TRANSPORTATION CORP (B2192)";"School Age";"361";"Driver"
"675";"2017-2018";"LEESEL TRANSPORTATION CORP (B2192)";"School Age";"22";"Driver&Attendant"
"676";"2017-2018";"LITTLE LINDA BUS CO.,INC.";"School Age";"15";"Attendant"
"677";"2017-2018";"LITTLE LINDA BUS CO.,INC.";"School Age";"13";"Driver"
"678";"2017-2018";"LITTLE LISA BUS CO. INC.";"School Age";"123";"Attendant"
"679";"2017-2018";"LITTLE LISA BUS CO. INC.";"School Age";"119";"Driver"
"680";"2017-2018";"LITTLE RICHIE BUS SERVICE";"School Age";"548";"Attendant"
"681";"2017-2018";"LITTLE RICHIE BUS SERVICE";"School Age";"530";"Driver"
"682";"2017-2018";"LITTLE RICHIE BUS SERVICE";"School Age";"1";"Driver&Attendant"
"683";"2017-2018";"LOGAN BUS COMPANY INC.";"School Age";"340";"Attendant"
"684";"2017-2018";"LOGAN BUS COMPANY INC.";"School Age";"366";"Driver"
"685";"2017-2018";"LOGAN BUS COMPANY INC.";"School Age";"4";"Driver&Attendant"
"686";"2017-2018";"LOGAN TRANSPORTATION SYSTEMS";"School Age";"34";"Driver"
"687";"2017-2018";"LORINDA ENTERPRISES, LTD.";"School Age";"289";"Attendant"
"688";"2017-2018";"LORINDA ENTERPRISES, LTD.";"School Age";"248";"Driver"
"689";"2017-2018";"LORINDA ENTERPRISES, LTD.";"School Age";"1";"Driver&Attendant"
"690";"2017-2018";"LORISSA BUS SERVICE INC.";"School Age";"113";"Driver"
"691";"2017-2018";"MAR-CAN TRANSPORT CO. INC (B2192)";"School Age";"288";"Attendant"
"692";"2017-2018";"MAR-CAN TRANSPORT CO. INC (B2192)";"School Age";"252";"Driver"
"693";"2017-2018";"MAR-CAN TRANSPORT CO. INC (B2192)";"School Age";"3";"Driver&Attendant"
"694";"2017-2018";"MUTUAL BUS CORP. (B2192)";"School Age";"9";"Attendant"
"695";"2017-2018";"MUTUAL BUS CORP. (B2192)";"School Age";"10";"Driver"
"696";"2017-2018";"MUTUAL BUS CORP. (B2321)";"School Age";"18";"Attendant"
"697";"2017-2018";"MUTUAL BUS CORP. (B2321)";"School Age";"10";"Driver"
"698";"2017-2018";"MUTUAL BUS CORP. (B2321)";"School Age";"5";"Driver&Attendant"
"699";"2017-2018";"MV TRANSPORTATION, INC.";"School Age";"16";"Driver"
"700";"2017-2018";"NEW DAWN TRANSIT, LLC (B2321)";"School Age";"209";"Attendant"
"701";"2017-2018";"NEW DAWN TRANSIT, LLC (B2321)";"School Age";"179";"Driver"
"702";"2017-2018";"NEW DAWN TRANSIT, LLC (B2321)";"School Age";"2";"Driver&Attendant"
"703";"2017-2018";"PENNY TRANSPORTATION";"Pre-K";"31";"Attendant"
"704";"2017-2018";"PENNY TRANSPORTATION";"Pre-K";"25";"Driver"
"705";"2017-2018";"PHILLIP BUS CORP (B2192)";"School Age";"46";"Attendant"
"706";"2017-2018";"PHILLIP BUS CORP (B2192)";"School Age";"42";"Driver"
"707";"2017-2018";"PHILLIPS BUS SERVICE";"Pre-K";"54";"Attendant"
"708";"2017-2018";"PHILLIPS BUS SERVICE";"Pre-K";"44";"Driver"
"709";"2017-2018";"PIONEER TRANSPORTATION CORP";"School Age";"197";"Attendant"
"710";"2017-2018";"PIONEER TRANSPORTATION CORP";"School Age";"726";"Driver"
"711";"2017-2018";"PIONEER TRANSPORTATION CORP";"School Age";"1";"Driver&Attendant"
"712";"2017-2018";"PRIDE TRANSPORTATION (SCH AGE)";"School Age";"153";"Attendant"
"713";"2017-2018";"PRIDE TRANSPORTATION (SCH AGE)";"School Age";"149";"Driver"
"714";"2017-2018";"PRIDE TRANSPORTATION (SCH AGE)";"School Age";"5";"Driver&Attendant"
"715";"2017-2018";"QUALITY TRANSPORTATION CORP.";"School Age";"228";"Driver"
"716";"2017-2018";"R & C TRANSIT, INC. (B2321)";"School Age";"7";"Attendant"
"717";"2017-2018";"R & C TRANSIT, INC. (B2321)";"School Age";"4";"Driver"
"718";"2017-2018";"R & C TRANSIT, INC. (B2321)";"School Age";"1";"Driver&Attendant"
"719";"2017-2018";"RELIANT TRANSPORTATION, INC (B2321)";"School Age";"945";"Attendant"
"720";"2017-2018";"RELIANT TRANSPORTATION, INC (B2321)";"School Age";"932";"Driver"
"721";"2017-2018";"RELIANT TRANSPORTATION, INC (B2321)";"School Age";"21";"Driver&Attendant"
"722";"2017-2018";"RICHMOND COUNTY AMBULANCE SERV";"Ambulance";"23";"Driver&EMT"
"723";"2017-2018";"RICHMOND COUNTY AMBULANCE SERV";"Ambulance";"2";"Driver&Paramedic"
"724";"2017-2018";"RICHMOND COUNTY AMBULANCE SERV";"Ambulance";"27";"EMT"
"725";"2017-2018";"RICHMOND COUNTY AMBULANCE SERV";"Ambulance";"18";"Paramedic"
"726";"2017-2018";"RICHMOND COUNTY AMBULANCE SERV";"School Age";"23";"Driver&EMT"
"727";"2017-2018";"RICHMOND COUNTY AMBULANCE SERV";"School Age";"2";"Driver&Paramedic"
"728";"2017-2018";"RICHMOND COUNTY AMBULANCE SERV";"School Age";"27";"EMT"
"729";"2017-2018";"RICHMOND COUNTY AMBULANCE SERV";"School Age";"18";"Paramedic"
"730";"2017-2018";"ROYAL EXPRESS LINE CORP.";"Pre-K";"19";"Attendant"
"731";"2017-2018";"ROYAL EXPRESS LINE CORP.";"Pre-K";"17";"Driver"
"732";"2017-2018";"SAFE COACH INC. (B2321)";"School Age";"62";"Attendant"
"733";"2017-2018";"SAFE COACH INC. (B2321)";"School Age";"56";"Driver"
"734";"2017-2018";"SAFE COACH INC. (B2321)";"School Age";"5";"Driver&Attendant"
"735";"2017-2018";"SELBY TRANSPORTATION CORP (B2192)";"School Age";"3";"Attendant"
"736";"2017-2018";"SELBY TRANSPORTATION CORP (B2192)";"School Age";"3";"Driver"
"737";"2017-2018";"SELBY TRANSPORTATION";"Pre-K";"59";"Attendant"
"738";"2017-2018";"SELBY TRANSPORTATION";"Pre-K";"55";"Driver"
"739";"2017-2018";"SELBY TRANSPORTATION";"Pre-K";"2";"Driver&Attendant"
"740";"2017-2018";"SMART PICK INC";"Pre-K";"32";"Attendant"
"741";"2017-2018";"SMART PICK INC";"Pre-K";"32";"Driver"
"742";"2017-2018";"SNT BUS INC";"School Age";"445";"Driver"
"743";"2017-2018";"SNT BUS INC";"School Age";"1";"Driver&Attendant"
"744";"2017-2018";"SUBURBAN TRAILS, INC";"Coach";"27";"Driver"
"745";"2017-2018";"THIRD AVENUE TRANSIT, INC";"School Age";"11";"Attendant"
"746";"2017-2018";"THIRD AVENUE TRANSIT, INC";"School Age";"10";"Driver"
"747";"2017-2018";"THOMAS BUSES INC (B2192)";"School Age";"25";"Attendant"
"748";"2017-2018";"THOMAS BUSES INC (B2192)";"School Age";"21";"Driver"
"749";"2017-2018";"THOMAS BUSES, INC. (B2321)";"School Age";"67";"Attendant"
"750";"2017-2018";"THOMAS BUSES, INC. (B2321)";"School Age";"48";"Driver"
"751";"2017-2018";"THOMAS BUSES, INC.";"Pre-K";"18";"Attendant"
"752";"2017-2018";"THOMAS BUSES, INC.";"Pre-K";"14";"Driver"
"753";"2017-2018";"THOMAS BUSES, INC.";"Pre-K";"1";"Driver&Attendant"
"754";"2017-2018";"TWENTY FIRST AV TRANSP (B2192)";"School Age";"136";"Attendant"
"755";"2017-2018";"TWENTY FIRST AV TRANSP (B2192)";"School Age";"121";"Driver"
"756";"2017-2018";"TWENTY FIRST AV TRANSP (B2192)";"School Age";"11";"Driver&Attendant"
"757";"2017-2018";"VAN TRANS LLC (B2192)";"School Age";"215";"Attendant"
"758";"2017-2018";"VAN TRANS LLC (B2192)";"School Age";"173";"Driver"
"759";"2017-2018";"VAN TRANS LLC (B2192)";"School Age";"21";"Driver&Attendant"
"760";"2017-2018";"VINNY`S BUS SERVICES (B2321)";"School Age";"60";"Attendant"
"761";"2017-2018";"VINNY`S BUS SERVICES (B2321)";"School Age";"63";"Driver"
"762";"2017-2018";"VINNY`S BUS SERVICES (B2321)";"School Age";"3";"Driver&Attendant"
"763";"2017-2018";"VOLUNTEER SCHOOL ATTENDANTS";"School Age";"7";"Attendant"
"764";"2017-2018";"Y & M TRANSIT CORP (B2192)";"School Age";"318";"Attendant"
"765";"2017-2018";"Y & M TRANSIT CORP (B2192)";"School Age";"256";"Driver"
"766";"2017-2018";"Y & M TRANSIT CORP (B2192)";"School Age";"21";"Driver&Attendant"
"767";"2017-2018";"Y & M TRANSIT CORP (B2321)";"School Age";"19";"Attendant"
"768";"2017-2018";"Y & M TRANSIT CORP (B2321)";"School Age";"13";"Driver"
"769";"2017-2018";"Y & M TRANSIT CORP (B2321)";"School Age";"2";"Driver&Attendant"
"770";"2019-2020";"G.V.C. LTD. (B2192)";"School Age";"124";"Driver"
"771";"2019-2020";"G.V.C. LTD. (B2192)";"School Age";"28";"Driver&Attendant"
"772";"2019-2020";"G.V.C., LTD.";"Pre-K";"146";"Attendant"
"773";"2019-2020";"G.V.C., LTD.";"Pre-K";"125";"Driver"
"774";"2019-2020";"G.V.C., LTD.";"Pre-K";"9";"Driver&Attendant"
"775";"2019-2020";"GRANDPA`S BUS CO., INC.";"School Age";"301";"Driver"
"776";"2019-2020";"GRANDPA`S BUS CO., INC.";"School Age";"2";"Driver&Attendant"
"777";"2019-2020";"HAPPY DAY TRANSIT";"Pre-K";"69";"Attendant"
"778";"2019-2020";"HAPPY DAY TRANSIT";"Pre-K";"64";"Driver"
"779";"2019-2020";"B & F SKILLED INC.(B2192)";"School Age";"68";"Attendant"
"780";"2019-2020";"B & F SKILLED INC.(B2192)";"School Age";"1";"Driver&Attendant"
"781";"2019-2020";"HAPPY DAY TRANSIT";"Pre-K";"4";"Driver&Attendant"
"782";"2019-2020";"HOYT TRANSPORTATION CORP.";"School Age";"328";"Attendant"
"783";"2019-2020";"HOYT TRANSPORTATION CORP.";"School Age";"309";"Driver"
"784";"2019-2020";"HOYT TRANSPORTATION CORP.";"School Age";"11";"Driver&Attendant"
"785";"2019-2020";"SELBY TRANSPORTATION";"Pre-K";"1";"Driver&Attendant"
"786";"2019-2020";"I & Y TRANSIT CORP";"Pre-K";"15";"Attendant"
"787";"2019-2020";"I & Y TRANSIT CORP";"Pre-K";"16";"Driver"
"788";"2019-2020";"IC BUS INC. (PRE-K)";"Pre-K";"82";"Attendant"
"789";"2019-2020";"IC BUS INC. (PRE-K)";"Pre-K";"67";"Driver"
"790";"2019-2020";"IC BUS INC.";"School Age";"113";"Attendant"
"791";"2019-2020";"IC BUS INC.";"School Age";"111";"Driver"
"792";"2019-2020";"IC BUS INC.";"School Age";"6";"Driver&Attendant"
"793";"2019-2020";"J & R TOURS LTD";"Coach";"13";"Driver"
"794";"2019-2020";"JOFAZ TRANSPORTATION INC.";"School Age";"145";"Attendant"
"795";"2019-2020";"THOMAS BUSES, INC.";"Pre-K";"4";"Attendant"
"796";"2019-2020";"JOFAZ TRANSPORTATION INC.";"School Age";"367";"Driver"
"797";"2019-2020";"JOFAZ TRANSPORTATION INC.";"School Age";"3";"Driver&Attendant"
"798";"2019-2020";"L & M BUS CORP (A)";"School Age";"118";"Attendant"
"799";"2019-2020";"L & M BUS CORP (A)";"School Age";"89";"Driver"
"800";"2019-2020";"L & M BUS CORP (A)";"School Age";"2";"Driver&Attendant"
"801";"2019-2020";"L & M BUS CORP. (B2192)";"School Age";"8";"Attendant"
"802";"2019-2020";"L & M BUS CORP. (B2321)";"School Age";"1";"Attendant"
"803";"2019-2020";"L & M BUS CORP.";"Pre-K";"226";"Attendant"
"804";"2019-2020";"L & M BUS CORP.";"Pre-K";"205";"Driver"
"805";"2019-2020";"L & M BUS CORP.";"Pre-K";"3";"Driver&Attendant"
"806";"2019-2020";"LEESEL TRANSPORTATION CORP (B2192)";"School Age";"458";"Attendant"
"807";"2019-2020";"LEESEL TRANSPORTATION CORP (B2192)";"School Age";"457";"Driver"
"808";"2019-2020";"LEESEL TRANSPORTATION CORP (B2192)";"School Age";"22";"Driver&Attendant"
"809";"2018-2019";"MJT BUS COMPANY, INC";"Pre-K";"1";"Driver"
"810";"2019-2020";"L & M BUS CORP. (B2192)";"School Age";"1";"Driver"
"811";"2018-2019";"B & F SKILLED, INC.";"Pre-K";"6";"Driver"
"812";"2018-2019";"BOBBY`S BUS CO. INC.";"School Age";"155";"Driver"
"813";"2018-2019";"BORO TRANSIT, INC.";"School Age";"373";"Attendant"
"814";"2018-2019";"BORO TRANSIT, INC.";"School Age";"570";"Driver"
"815";"2018-2019";"BORO TRANSIT, INC.";"School Age";"4";"Driver&Attendant"
"816";"2018-2019";"CAREFUL BUS SERVICE INC (B2192)";"School Age";"16";"Attendant"
"817";"2018-2019";"CAREFUL BUS SERVICE INC (B2192)";"School Age";"10";"Driver"
"818";"2018-2019";"R & C TRANSIT, INC. (B2321)";"School Age";"6";"Attendant"
"819";"2018-2019";"R & C TRANSIT, INC. (B2321)";"School Age";"4";"Driver"
"820";"2018-2019";"R & C TRANSIT, INC. (B2321)";"School Age";"1";"Driver&Attendant"
"821";"2019-2020";"LITTLE LINDA BUS CO.,INC.";"School Age";"16";"Attendant"
"822";"2019-2020";"LITTLE LINDA BUS CO.,INC.";"School Age";"11";"Driver"
"823";"2019-2020";"LITTLE LISA BUS CO. INC.";"School Age";"131";"Attendant"
"824";"2018-2019";"CAREFUL BUS";"School Age";"123";"Attendant"
"825";"2019-2020";"LITTLE LISA BUS CO. INC.";"School Age";"84";"Driver"
"826";"2019-2020";"LITTLE LISA BUS CO. INC.";"School Age";"1";"Driver&Attendant"
"827";"2019-2020";"LITTLE RICHIE BUS SERVICE";"School Age";"547";"Attendant"
"828";"2019-2020";"LITTLE RICHIE BUS SERVICE";"School Age";"477";"Driver"
"829";"2018-2019";"HOYT TRANSPORTATION CORP.";"School Age";"272";"Attendant"
"830";"2018-2019";"HOYT TRANSPORTATION CORP.";"School Age";"264";"Driver"
"831";"2018-2019";"HOYT TRANSPORTATION CORP.";"School Age";"8";"Driver&Attendant"
"832";"2018-2019";"I & Y TRANSIT CORP";"Pre-K";"11";"Attendant"
"833";"2018-2019";"I & Y TRANSIT CORP";"Pre-K";"6";"Driver"
"834";"2018-2019";"IC BUS INC. (PRE-K)";"Pre-K";"75";"Attendant"
"835";"2018-2019";"IC BUS INC. (PRE-K)";"Pre-K";"71";"Driver"
"836";"2018-2019";"IC BUS INC. (PRE-K)";"Pre-K";"3";"Driver&Attendant"
"837";"2018-2019";"IC BUS INC.";"School Age";"83";"Attendant"
"838";"2018-2019";"IC BUS INC.";"School Age";"85";"Driver"
"839";"2018-2019";"IC BUS INC.";"School Age";"2";"Driver&Attendant"
"840";"2018-2019";"J & R TOURS LTD";"Coach";"13";"Driver"
"841";"2018-2019";"JOFAZ TRANSPORTATION INC.";"School Age";"92";"Attendant"
"842";"2018-2019";"JOFAZ TRANSPORTATION INC.";"School Age";"330";"Driver"
"843";"2018-2019";"JOFAZ TRANSPORTATION INC.";"School Age";"2";"Driver&Attendant"
"844";"2018-2019";"L & M BUS CORP (A)";"School Age";"104";"Attendant"
"845";"2018-2019";"L & M BUS CORP (A)";"School Age";"60";"Driver"
"846";"2018-2019";"L & M BUS CORP. (B2192)";"School Age";"60";"Attendant"
"847";"2018-2019";"L & M BUS CORP. (B2192)";"School Age";"51";"Driver"
"848";"2019-2020";"LITTLE RICHIE BUS SERVICE";"School Age";"2";"Driver&Attendant"
"849";"2019-2020";"LOGAN BUS COMPANY INC.";"School Age";"322";"Attendant"
"850";"2019-2020";"LOGAN BUS COMPANY INC.";"School Age";"344";"Driver"
"851";"2019-2020";"LOGAN BUS COMPANY INC.";"School Age";"4";"Driver&Attendant"
"852";"2019-2020";"LOGAN TRANSPORTATION SYSTEMS";"School Age";"31";"Driver"
"853";"2019-2020";"LORINDA ENTERPRISES, LTD.";"School Age";"298";"Attendant"
"854";"2019-2020";"LORINDA ENTERPRISES, LTD.";"School Age";"262";"Driver"
"855";"2019-2020";"LORISSA BUS SERVICE INC.";"School Age";"134";"Driver"
"856";"2019-2020";"MAR-CAN TRANSPORT CO. INC (B2192)";"School Age";"278";"Attendant"
"857";"2019-2020";"MAR-CAN TRANSPORT CO. INC (B2192)";"School Age";"247";"Driver"
"858";"2019-2020";"LORINDA ENTERPRISES, LTD.";"School Age";"1";"Driver&Attendant"
"859";"2019-2020";"MAR-CAN TRANSPORT CO. INC (B2192)";"School Age";"7";"Driver&Attendant"
"860";"2019-2020";"NEW DAWN TRANSIT, LLC (B2321)";"School Age";"138";"Attendant"
"861";"2019-2020";"NEW DAWN TRANSIT, LLC (B2321)";"School Age";"115";"Driver"
"862";"2019-2020";"NEW DAWN TRANSIT, LLC (B2321)";"School Age";"5";"Driver&Attendant"
"863";"2019-2020";"PENNY TRANSPORTATION";"Pre-K";"33";"Attendant"
"864";"2019-2020";"PENNY TRANSPORTATION";"Pre-K";"28";"Driver"
"865";"2019-2020";"ALLIED TRANSIT CORP.";"School Age";"103";"Driver"
"866";"2019-2020";"ALLIED TRANSIT CORP.";"School Age";"7";"Driver&Attendant"
"867";"2019-2020";"PHILLIP BUS CORP (B2192)";"School Age";"47";"Attendant"
"868";"2019-2020";"PHILLIP BUS CORP (B2192)";"School Age";"47";"Driver"
"869";"2019-2020";"PHILLIP BUS CORP (B2192)";"School Age";"3";"Driver&Attendant"
"870";"2019-2020";"PHILLIPS BUS SERVICE";"Pre-K";"68";"Attendant"
"871";"2019-2020";"PHILLIPS BUS SERVICE";"Pre-K";"48";"Driver"
"872";"2019-2020";"PHILLIPS BUS SERVICE";"Pre-K";"1";"Driver&Attendant"
"873";"2019-2020";"PIONEER TRANSPORTATION CORP";"School Age";"200";"Attendant"
"874";"2019-2020";"PIONEER TRANSPORTATION CORP";"School Age";"683";"Driver"
"875";"2019-2020";"PIONEER TRANSPORTATION CORP";"School Age";"5";"Driver&Attendant"
"876";"2019-2020";"PRIDE TRANSPORTATION (SCH AGE)";"School Age";"446";"Attendant"
"877";"2019-2020";"RELIANT TRANSPORTATION, INC (B2321)";"School Age";"982";"Attendant"
"878";"2019-2020";"RELIANT TRANSPORTATION, INC (B2321)";"School Age";"19";"Driver&Attendant"
"879";"2019-2020";"RICHMOND COUNTY AMBULANCE SERV";"Ambulance";"24";"EMT"
"880";"2019-2020";"RICHMOND COUNTY AMBULANCE SERV";"Ambulance";"13";"Paramedic"
"881";"2019-2020";"RICHMOND COUNTY AMBULANCE SERV";"School Age";"20";"Driver&EMT"
"882";"2019-2020";"ROYAL EXPRESS LINE CORP.";"Pre-K";"25";"Attendant"
"883";"2019-2020";"ROYAL EXPRESS LINE CORP.";"Pre-K";"18";"Driver"
"884";"2019-2020";"S & J TOUR & BUS INC.";"Coach";"7";"Driver"
"885";"2018-2019";"B & F SKILLED, INC.";"Pre-K";"10";"Attendant"
"886";"2018-2019";"CAREFUL BUS SERVICE INC (B2192)";"School Age";"2";"Driver&Attendant"
"887";"2018-2019";"CAREFUL BUS";"School Age";"106";"Driver"
"888";"2018-2019";"CAREFUL BUS";"School Age";"9";"Driver&Attendant"
"889";"2018-2019";"CHILDREN`S TRANS INC. (B2321)";"School Age";"13";"Attendant"
"890";"2018-2019";"CHILDREN`S TRANS INC. (B2321)";"School Age";"11";"Driver"
"891";"2018-2019";"CHILDREN`S TRANS INC. (B2321)";"School Age";"1";"Driver&Attendant"
"892";"2018-2019";"CONSOLIDATED BUS TRANSIT, INC.";"School Age";"266";"Attendant"
"893";"2018-2019";"CONSOLIDATED BUS TRANSIT, INC.";"School Age";"199";"Driver"
"894";"2018-2019";"CONSOLIDATED BUS TRANSIT, INC.";"School Age";"3";"Driver&Attendant"
"895";"2018-2019";"DON THOMAS BUSES, INC. (B2321)";"School Age";"114";"Attendant"
"896";"2018-2019";"DON THOMAS BUSES, INC. (B2321)";"School Age";"94";"Driver"
"897";"2018-2019";"DON THOMAS BUSES, INC. (B2321)";"School Age";"8";"Driver&Attendant"
"898";"2018-2019";"DON THOMAS BUSES, INC.";"Pre-K";"25";"Driver"
"899";"2018-2019";"EMPIRE CHARTER SERVICE INC";"School Age";"40";"Attendant"
"900";"2018-2019";"EMPIRE CHARTER SERVICE INC";"School Age";"23";"Driver"
"901";"2018-2019";"EMPIRE CHARTER SERVICE INC";"School Age";"4";"Driver&Attendant"
"902";"2018-2019";"EMPIRE STATE BUS CORP.";"School Age";"21";"Attendant"
"903";"2018-2019";"EMPIRE STATE BUS CORP.";"School Age";"27";"Driver"
"904";"2018-2019";"EMPIRE STATE BUS CORP.";"School Age";"1";"Driver&Attendant"
"905";"2018-2019";"FIRST STEPS TRANS INC. (B2192)";"School Age";"111";"Attendant"
"906";"2018-2019";"FIRST STEPS TRANS INC. (B2192)";"School Age";"79";"Driver"
"907";"2018-2019";"FIRST STEPS TRANS INC. (B2192)";"School Age";"3";"Driver&Attendant"
"908";"2018-2019";"FIRST STEPS TRANS, INC";"Pre-K";"22";"Attendant"
"909";"2018-2019";"FIRST STEPS TRANS, INC";"Pre-K";"14";"Driver"
"910";"2018-2019";"FORTUNA BUS COMPANY";"Pre-K";"44";"Attendant"
"911";"2018-2019";"FORTUNA BUS COMPANY";"Pre-K";"35";"Driver"
"912";"2018-2019";"G.V.C. LTD. (B2192)";"School Age";"179";"Attendant"
"913";"2018-2019";"G.V.C. LTD. (B2192)";"School Age";"126";"Driver"
"914";"2018-2019";"G.V.C. LTD. (B2192)";"School Age";"25";"Driver&Attendant"
"915";"2018-2019";"G.V.C., LTD.";"Pre-K";"118";"Attendant"
"916";"2018-2019";"G.V.C., LTD.";"Pre-K";"102";"Driver"
"917";"2018-2019";"G.V.C., LTD.";"Pre-K";"6";"Driver&Attendant"
"918";"2018-2019";"GRANDPA`S BUS CO., INC.";"School Age";"299";"Driver"
"919";"2018-2019";"GRANDPA`S BUS CO., INC.";"School Age";"2";"Driver&Attendant"
"920";"2018-2019";"HAPPY DAY TRANSIT";"Pre-K";"69";"Attendant"
"921";"2018-2019";"HAPPY DAY TRANSIT";"Pre-K";"60";"Driver"
"922";"2018-2019";"HAPPY DAY TRANSIT";"Pre-K";"4";"Driver&Attendant"
"923";"2018-2019";"L & M BUS CORP. (B2192)";"School Age";"2";"Driver&Attendant"
"924";"2018-2019";"L & M BUS CORP. (B2321)";"School Age";"9";"Attendant"
"925";"2018-2019";"L & M BUS CORP. (B2321)";"School Age";"7";"Driver"
"926";"2018-2019";"L & M BUS CORP.";"Pre-K";"234";"Attendant"
"927";"2019-2020";"SAFE COACH INC.";"School Age";"1";"Attendant"
"928";"2019-2020";"SELBY TRANSPORTATION";"Pre-K";"52";"Attendant"
"929";"2019-2020";"SELBY TRANSPORTATION";"Pre-K";"34";"Driver"
"930";"2018-2019";"L & M BUS CORP.";"Pre-K";"186";"Driver"
"931";"2018-2019";"LEESEL TRANSPORTATION CORP (B2192)";"School Age";"398";"Attendant"
"932";"2018-2019";"LEESEL TRANSPORTATION CORP (B2192)";"School Age";"376";"Driver"
"933";"2018-2019";"LEESEL TRANSPORTATION CORP (B2192)";"School Age";"28";"Driver&Attendant"
"934";"2018-2019";"LITTLE LINDA BUS CO.,INC.";"School Age";"16";"Attendant"
"935";"2018-2019";"LITTLE LINDA BUS CO.,INC.";"School Age";"13";"Driver"
"936";"2018-2019";"LITTLE LISA BUS CO. INC.";"School Age";"128";"Attendant"
"937";"2018-2019";"LITTLE LISA BUS CO. INC.";"School Age";"103";"Driver"
"938";"2018-2019";"LITTLE LISA BUS CO. INC.";"School Age";"5";"Driver&Attendant"
"939";"2018-2019";"LITTLE RICHIE BUS SERVICE";"School Age";"558";"Attendant"
"940";"2018-2019";"LITTLE RICHIE BUS SERVICE";"School Age";"503";"Driver"
"941";"2018-2019";"LITTLE RICHIE BUS SERVICE";"School Age";"3";"Driver&Attendant"
"942";"2018-2019";"LOGAN BUS COMPANY INC.";"School Age";"348";"Attendant"
"943";"2018-2019";"LOGAN BUS COMPANY INC.";"School Age";"363";"Driver"
"944";"2018-2019";"SELBY TRANSPORTATION";"Pre-K";"56";"Attendant"
"945";"2018-2019";"SELBY TRANSPORTATION";"Pre-K";"52";"Driver"
"946";"2018-2019";"SELBY TRANSPORTATION";"Pre-K";"1";"Driver&Attendant"
"947";"2018-2019";"SMART PICK INC";"Pre-K";"30";"Attendant"
"948";"2018-2019";"SMART PICK INC";"Pre-K";"24";"Driver"
"949";"2019-2020";"SMART PICK INC";"Pre-K";"29";"Driver"
"950";"2018-2019";"SNT BUS INC";"School Age";"422";"Driver"
"951";"2018-2019";"SUBURBAN TRAILS, INC";"Coach";"66";"Driver"
"952";"2018-2019";"THIRD AVENUE TRANSIT, INC";"School Age";"13";"Attendant"
"953";"2018-2019";"THIRD AVENUE TRANSIT, INC";"School Age";"13";"Driver"
"954";"2018-2019";"THOMAS BUSES INC (B2192)";"School Age";"27";"Attendant"
"955";"2018-2019";"THOMAS BUSES INC (B2192)";"School Age";"20";"Driver"
"956";"2018-2019";"THOMAS BUSES, INC. (B2321)";"School Age";"38";"Attendant"
"957";"2018-2019";"THOMAS BUSES, INC. (B2321)";"School Age";"28";"Driver"
"958";"2018-2019";"THOMAS BUSES, INC.";"Pre-K";"16";"Attendant"
"959";"2019-2020";"ALL COUNTY BUS LLC (B2321)";"School Age";"2";"Driver&Attendant"
"960";"2019-2020";"ALLIED TRANSIT CORP.";"School Age";"55";"Attendant"
"961";"2019-2020";"ANOTHER RIDE INC.";"Pre-K";"6";"Attendant"
"962";"2019-2020";"B & F SKILLED INC.(B2192)";"School Age";"59";"Driver"
"963";"2019-2020";"B & F SKILLED, INC.";"Pre-K";"5";"Attendant"
"964";"2019-2020";"SMART PICK INC";"Pre-K";"39";"Attendant"
"965";"2019-2020";"SNT BUS INC";"School Age";"425";"Driver"
"966";"2019-2020";"L & M BUS CORP. (B2321)";"School Age";"1";"Driver"
"967";"2019-2020";"SUBURBAN TRAILS, INC";"Coach";"60";"Driver"
"968";"2019-2020";"THIRD AVENUE TRANSIT, INC";"School Age";"15";"Attendant"
"969";"2019-2020";"THIRD AVENUE TRANSIT, INC";"School Age";"15";"Driver"
"970";"2019-2020";"THOMAS BUSES INC (B2192)";"School Age";"23";"Attendant"
"971";"2019-2020";"THOMAS BUSES INC (B2192)";"School Age";"16";"Driver"
"972";"2019-2020";"THOMAS BUSES, INC. (B2321)";"School Age";"53";"Attendant"
"973";"2019-2020";"THOMAS BUSES, INC. (B2321)";"School Age";"48";"Driver"
"974";"2019-2020";"THOMAS BUSES, INC. (B2321)";"School Age";"1";"Driver&Attendant"
"975";"2019-2020";"VAN TRANS LLC (B2192)";"School Age";"162";"Attendant"
"976";"2019-2020";"VAN TRANS LLC (B2192)";"School Age";"137";"Driver"
"977";"2019-2020";"VAN TRANS LLC (B2192)";"School Age";"14";"Driver&Attendant"
"978";"2019-2020";"VINNY`S BUS SERVICES (B2321)";"School Age";"84";"Attendant"
"979";"2019-2020";"VINNY`S BUS SERVICES (B2321)";"School Age";"71";"Driver"
"980";"2019-2020";"VINNY`S BUS SERVICES (B2321)";"School Age";"5";"Driver&Attendant"
"981";"2019-2020";"VOLUNTEER SCHOOL ATTENDANTS";"School Age";"12";"Attendant"
"982";"2019-2020";"Y & M TRANSIT CORP (B2192)";"School Age";"251";"Attendant"
"983";"2019-2020";"Y & M TRANSIT CORP (B2321)";"School Age";"2";"Attendant"
"984";"2019-2020";"Y & M TRANSIT CORP (B2321)";"School Age";"1";"Driver"
"985";"2019-2020";"ACADEMY EXPRESS LLC";"Coach";"64";"Driver"
"986";"2019-2020";"ACCORD BUS LLC";"Coach";"23";"Driver"
"987";"2019-2020";"ALINA SERVICES CORP.";"Pre-K";"82";"Attendant"
"988";"2019-2020";"ALINA SERVICES CORP.";"Pre-K";"63";"Driver"
"989";"2019-2020";"ALINA SERVICES CORP.";"Pre-K";"3";"Driver&Attendant"
"990";"2019-2020";"ALL AMERICAN SCHOOL BUS CORP.";"School Age";"173";"Attendant"
"991";"2019-2020";"ALL AMERICAN SCHOOL BUS CORP.";"School Age";"258";"Driver"
"992";"2019-2020";"ALL AMERICAN SCHOOL BUS CORP.";"School Age";"3";"Driver&Attendant"
"993";"2019-2020";"ALL COUNTY BUS LLC (B2321)";"School Age";"44";"Attendant"
"994";"2019-2020";"ALL COUNTY BUS LLC (B2321)";"School Age";"51";"Driver"
"995";"2019-2020";"ANOTHER RIDE INC.";"Pre-K";"8";"Driver"
"996";"2019-2020";"DON THOMAS BUSES, INC. (B2321)";"School Age";"88";"Driver"
"997";"2019-2020";"PRIDE TRANSPORTATION (SCH AGE)";"School Age";"377";"Driver"
"998";"2019-2020";"PRIDE TRANSPORTATION (SCH AGE)";"School Age";"13";"Driver&Attendant"
"999";"2019-2020";"QUALITY TRANSPORTATION CORP.";"School Age";"253";"Driver"
